case_id,amp,pw,Ea_mean,Ea_sigma,P0,Vth0,dV1,dV100,gradual,dP100,idmin0,idmax0,valid0,valid_ratio,elapsed_s
A1p80_PW2p00e-01us_Em0p50_Es0p40,1.8,2e-07,0.5,0.4,-4.33680868994221e-17,0.695750375506526,-0.0031279770880055,-0.00155399800485134,0.00157397908315415,0.00500000000000022,3.11784619773039e-23,3.51808184152376e-06,1,1,69.6728197
A1p80_PW2p00e-01us_Em0p50_Es0p60,1.8,2e-07,0.5,0.6,-0.00500000000000032,0.697284688015849,-0.011163450233604,-0.00787130474879738,0.00329214548480661,0.0250000000000012,6.18364515164495e-23,3.51191618865581e-06,1,1,60.2933899
A1p80_PW2p00e-01us_Em0p50_Es0p80,1.8,2e-07,0.5,0.8,-0.0100000000000005,0.698799624477028,-0.0126783866947822,-0.0110218002718171,0.00165658642296507,0.0350000000000015,3.19989761666105e-23,3.50575120303195e-06,1,1,61.7198545
A1p80_PW2p00e-01us_Em0p70_Es0p40,1.8,2e-07,0.7,0.4,-6.50521303491332e-17,0.695750375506526,0,-4.44089209850063e-16,4.44089209850063e-16,3.25260651745666e-16,1.67011169038519e-23,3.51808184152376e-06,1,1,57.2394946
A1p80_PW2p00e-01us_Em0p70_Es0p60,1.8,2e-07,0.7,0.6,-0.00500000000000002,0.697284688015849,-0.00625653159881767,-0.00466228959732917,0.0015942420014885,0.0150000000000003,3.19118978267888e-23,3.51191618865581e-06,1,1,59.4359408
A1p80_PW2p00e-01us_Em0p70_Es0p80,1.8,2e-07,0.7,0.8,-0.00500000000000024,0.697284688015849,-0.00950686381063892,-0.00950686381063892,0,0.0300000000000014,6.24259135159053e-23,3.51191618865581e-06,1,1,58.2424356
A1p80_PW2p00e-01us_Em0p90_Es0p40,1.8,2e-07,0.9,0.4,-0.0750000000000034,0.71971435869501,-0.0255179811933357,-0.0239639831884844,0.00155399800485134,0.0750000000000035,3.20551922176267e-23,3.42566801693405e-06,1,1,43.5515635
A1p80_PW2p00e-01us_Em0p90_Es0p60,1.8,2e-07,0.9,0.6,-0.125000000000005,0.736089602692928,-0.0403392271864024,-0.0403392271864019,4.44089209850063e-16,0.125000000000005,3.18480978911161e-23,3.36414533209619e-06,1,1,57.792694
A1p80_PW2p00e-01us_Em0p90_Es0p80,1.8,2e-07,0.9,0.8,-0.0300000000000012,0.705469419884065,-0.0112730423823907,-0.0112730423823907,0,0.0350000000000014,5.53391298671187e-24,3.48109797249654e-06,1,1,58.8489656
A1p80_PW5p00e-01us_Em0p50_Es0p40,1.8,5e-07,0.5,0.4,0,0.695750375506526,-0.0031279770880055,-0.00155399800485134,0.00157397908315415,0.00500000000000019,3.11784619773039e-23,3.51808184152376e-06,1,1,71.5162833
A1p80_PW5p00e-01us_Em0p50_Es0p60,1.8,5e-07,0.5,0.6,-0.00500000000000002,0.697284688015849,-0.00950686381063892,-0.00787130474879738,0.00163555906184154,0.0250000000000009,3.19118978267888e-23,3.51191618865581e-06,1,1,70.3391825
A1p80_PW5p00e-01us_Em0p50_Es0p80,1.8,5e-07,0.5,0.8,-0.0100000000000004,0.698799624477028,-0.0126783866947822,-0.0110218002718171,0.00165658642296507,0.0350000000000014,3.19989761666105e-23,3.50575120303195e-06,1,1,71.4089729
A1p80_PW5p00e-01us_Em0p70_Es0p40,1.8,5e-07,0.7,0.4,-0.0300000000000008,0.705469419884065,-0.00971904437753979,-0.00971904437753934,4.44089209850063e-16,0.0300000000000009,1.74648239482557e-23,3.48109797249654e-06,1,1,66.7650965
A1p80_PW5p00e-01us_Em0p70_Es0p60,1.8,5e-07,0.7,0.6,-0.00500000000000032,0.697284688015849,-0.00466228959732917,-0.00466228959732917,0,0.0150000000000006,6.18364515164495e-23,3.51191618865581e-06,1,1,69.8518208
A1p80_PW5p00e-01us_Em0p70_Es0p80,1.8,5e-07,0.7,0.8,-0.00500000000000028,0.697284688015849,-0.00950686381063892,-0.00787130474879705,0.00163555906184187,0.0250000000000011,6.24259135159053e-23,3.51191618865581e-06,1,1,68.5650789
A1p80_PW5p00e-01us_Em0p90_Es0p40,1.8,5e-07,0.9,0.4,-0.0850000000000034,0.723119784235284,-0.0289234067336096,-0.0273694087287583,0.00155399800485134,0.085000000000004,3.22576081639797e-23,3.41335784761635e-06,1,1,48.3055022
A1p80_PW5p00e-01us_Em0p90_Es0p60,1.8,5e-07,0.9,0.6,-0.110000000000004,0.73138064208093,-0.0356302665744044,-0.0356302665744044,0,0.110000000000005,1.64569489410287e-23,3.38259470779911e-06,1,1,68.9569678
A1p80_PW5p00e-01us_Em0p90_Es0p80,1.8,5e-07,0.9,0.8,-0.020000000000001,0.70207548670175,-0.00787910920007606,-0.00787910920007606,0,0.0250000000000011,1.71649140271561e-23,3.49342324140349e-06,1,1,67.0841315
A1p80_PW1p00e+00us_Em0p50_Es0p40,1.8,1e-06,0.5,0.4,0,0.695750375506526,-0.0031279770880055,-0.00155399800485134,0.00157397908315415,0.00500000000000026,3.11784619773039e-23,3.51808184152376e-06,1,1,83.0418819
A1p80_PW1p00e+00us_Em0p50_Es0p60,1.8,1e-06,0.5,0.6,-0.00500000000000024,0.697284688015849,-0.00950686381063892,-0.00787130474879738,0.00163555906184154,0.0250000000000012,6.24259135159053e-23,3.51191618865581e-06,1,1,79.6137218
A1p80_PW1p00e+00us_Em0p50_Es0p80,1.8,1e-06,0.5,0.8,-0.0100000000000005,0.698799624477028,-0.0126783866947822,-0.0110218002718171,0.00165658642296507,0.0350000000000017,3.12499255074891e-23,3.50575120303195e-06,1,1,89.0491202
A1p80_PW1p00e+00us_Em0p70_Es0p40,1.8,1e-06,0.7,0.4,-0.00500000000000011,0.697284688015849,-0.00153431250932412,-0.00153431250932412,0,0.00500000000000067,3.19118978267888e-23,3.51191618865581e-06,1,1,82.3193968
A1p80_PW1p00e+00us_Em0p70_Es0p60,1.8,1e-06,0.7,0.6,-0.0050000000000003,0.697284688015849,-0.00466228959732917,-0.00466228959732917,0,0.0150000000000007,6.24259135159053e-23,3.51191618865581e-06,1,1,84.1743399
A1p80_PW1p00e+00us_Em0p70_Es0p80,1.8,1e-06,0.7,0.8,-0.00500000000000017,0.697284688015849,-0.00787130474879738,-0.00787130474879738,0,0.0250000000000012,3.19118978267888e-23,3.51191618865581e-06,1,1,78.064881
A1p80_PW1p00e+00us_Em0p90_Es0p40,1.8,1e-06,0.9,0.4,-0.115000000000005,0.732970402753516,-0.0387740252518411,-0.0372200272469903,0.0015539980048509,0.115000000000005,1.84254968615362e-23,3.37644420258365e-06,1,1,63.7952604
A1p80_PW1p00e+00us_Em0p90_Es0p60,1.8,1e-06,0.9,0.6,-0.135000000000006,0.739130342079333,-0.0449339645776586,-0.0433799665728073,0.00155399800485134,0.135000000000006,1.69391878653279e-23,3.35184932935398e-06,1,1,89.6156731
A1p80_PW1p00e+00us_Em0p90_Es0p80,1.8,1e-06,0.9,0.8,-0.0100000000000003,0.698799624477028,-0.00460324697535364,-0.00460324697535364,0,0.0150000000000005,3.19989761666105e-23,3.50575120303195e-06,1,1,86.1846146
A1p80_PW2p00e+00us_Em0p50_Es0p40,1.8,2e-06,0.5,0.4,8.67361737988442e-17,0.695750375506526,-0.0031279770880055,-0.00155399800485134,0.00157397908315415,0.00500000000000004,1.89477361167604e-23,3.51808184152376e-06,1,1,102.1922407
A1p80_PW2p00e+00us_Em0p50_Es0p60,1.8,2e-06,0.5,0.6,-0.0049999999999997,0.697284688015849,-0.00787130474879738,-0.00787130474879738,0,0.0250000000000006,3.19118978267888e-23,3.51191618865581e-06,1,1,110.9216487
A1p80_PW2p00e+00us_Em0p50_Es0p80,1.8,2e-06,0.5,0.8,-0.0100000000000003,0.698799624477028,-0.0126783866947826,-0.0110218002718175,0.00165658642296507,0.0350000000000012,3.19989761666105e-23,3.50575120303195e-06,1,1,104.9341103
A1p80_PW2p00e+00us_Em0p70_Es0p40,1.8,2e-06,0.7,0.4,-0.0150000000000005,0.700345995343583,-0.00459561983705692,-0.00459561983705692,0,0.0150000000000005,3.20924289304768e-23,3.49958688662184e-06,1,1,107.7933912
A1p80_PW2p00e+00us_Em0p70_Es0p60,1.8,2e-06,0.7,0.6,-0.00500000000000015,0.697284688015849,-0.00466228959732917,-0.00466228959732917,0,0.0150000000000006,3.19118978267888e-23,3.51191618865581e-06,1,1,115.3276736
A1p80_PW2p00e+00us_Em0p70_Es0p80,1.8,2e-06,0.7,0.8,-0.00500000000000045,0.697284688015849,-0.00787130474879705,-0.00787130474879705,0,0.0250000000000012,9.64810003864081e-24,3.51191618865581e-06,1,1,108.6038126
A1p80_PW2p00e+00us_Em0p90_Es0p40,1.8,2e-06,0.9,0.4,-0.0750000000000033,0.71971435869501,-0.0255179811933357,-0.0239639831884848,0.0015539980048509,0.0750000000000035,3.20551922176267e-23,3.42566801693405e-06,1,1,89.487813
A1p80_PW2p00e+00us_Em0p90_Es0p60,1.8,2e-06,0.9,0.6,-0.0850000000000036,0.723119784235284,-0.0273694087287578,-0.0273694087287578,0,0.0850000000000035,2.63495270962206e-23,3.41335784761635e-06,1,1,109.4610397
A1p80_PW2p00e+00us_Em0p90_Es0p80,1.8,2e-06,0.9,0.8,3.03576608295955e-16,0.695750375506525,-0.0015539980048509,-0.0015539980048509,0,0.00499999999999993,3.34022338077038e-23,3.51808184152376e-06,1,1,115.5924665
A2p20_PW2p00e-01us_Em0p50_Es0p40,2.2,2e-07,0.5,0.4,-1.62630325872833e-16,0.695750375506526,-0.0031279770880055,-0.0031279770880055,0,0.0100000000000005,1.67011169038519e-23,3.51808184152376e-06,1,1,64.7717714
A2p20_PW2p00e-01us_Em0p50_Es0p60,2.2,2e-07,0.5,0.6,-0.00500000000000025,0.697284688015849,-0.011163450233604,-0.00950686381063892,0.00165658642296507,0.0300000000000013,6.24259135159053e-23,3.51191618865581e-06,1,1,64.6837585
A2p20_PW2p00e-01us_Em0p50_Es0p80,2.2,2e-07,0.5,0.8,-0.0100000000000007,0.698799624477028,-0.0143562287757786,-0.0126783866947822,0.00167784208099642,0.0400000000000023,1.69135960873222e-23,3.50575120303195e-06,1,1,61.6250123
A2p20_PW2p00e-01us_Em0p70_Es0p40,2.2,2e-07,0.7,0.4,-0.020000000000001,0.70207548670175,-0.00632511119522472,-0.00632511119522472,0,0.020000000000001,1.71649140271561e-23,3.49342324140349e-06,1,1,63.407593
A2p20_PW2p00e-01us_Em0p70_Es0p60,2.2,2e-07,0.7,0.6,-0.00500000000000024,0.697284688015849,-0.00625653159881767,-0.00625653159881767,0,0.0200000000000008,6.24259135159053e-23,3.51191618865581e-06,1,1,60.9113695
A2p20_PW2p00e-01us_Em0p70_Es0p80,2.2,2e-07,0.7,0.8,-0.0050000000000002,0.697284688015849,-0.00950686381063892,-0.00950686381063892,0,0.0300000000000013,6.24259135159053e-23,3.51191618865581e-06,1,1,58.4590658
A2p20_PW2p00e-01us_Em0p90_Es0p40,2.2,2e-07,0.9,0.4,-0.0650000000000031,0.716688628281761,-0.0194039402659113,-0.0194039402659113,0,0.0600000000000031,1.67622814283347e-23,3.43798096866603e-06,1,1,35.2536722
A2p20_PW2p00e-01us_Em0p90_Es0p60,2.2,2e-07,0.9,0.6,-0.100000000000004,0.728139443127113,-0.0323890676205876,-0.0323890676205876,0,0.100000000000005,1.63109331419514e-23,3.39489784739119e-06,1,1,61.4569308
A2p20_PW2p00e-01us_Em0p90_Es0p80,2.2,2e-07,0.9,0.8,-0.0500000000000021,0.712003069395618,-0.0193806709770974,-0.0193806709770974,0,0.0600000000000026,1.64880988703959e-23,3.45645557696168e-06,1,1,58.2101942
A2p20_PW5p00e-01us_Em0p50_Es0p40,2.2,5e-07,0.5,0.4,8.67361737988442e-17,0.695750375506526,-0.0031279770880055,-0.0031279770880055,0,0.0100000000000003,1.89477361167604e-23,3.51808184152376e-06,1,1,69.1285924
A2p20_PW5p00e-01us_Em0p50_Es0p60,2.2,5e-07,0.5,0.6,-0.00500000000000026,0.697284688015849,-0.011163450233604,-0.00950686381063892,0.00165658642296507,0.0300000000000014,6.24259135159053e-23,3.51191618865581e-06,1,1,71.288026
A2p20_PW5p00e-01us_Em0p50_Es0p80,2.2,5e-07,0.5,0.8,-0.0100000000000005,0.698799624477028,-0.0143562287757789,-0.0126783866947822,0.00167784208099675,0.0400000000000019,3.12499255074891e-23,3.50575120303195e-06,1,1,77.7185506
A2p20_PW5p00e-01us_Em0p70_Es0p40,2.2,5e-07,0.7,0.4,-0.0250000000000009,0.703783229025631,-0.00803285351910532,-0.00803285351910576,4.44089209850063e-16,0.0250000000000011,1.61502893260896e-23,3.48726026936337e-06,1,1,70.9877119
A2p20_PW5p00e-01us_Em0p70_Es0p60,2.2,5e-07,0.7,0.6,5.20417042793065e-16,0.695750375506525,-0.00472221908949355,-0.00472221908949355,0,0.015,1.67011169038519e-23,3.51808184152376e-06,1,1,71.3757598
A2p20_PW5p00e-01us_Em0p70_Es0p80,2.2,5e-07,0.7,0.8,-0.00500000000000032,0.697284688015849,-0.00950686381063892,-0.00787130474879738,0.00163555906184154,0.0250000000000014,6.18364515164495e-23,3.51191618865581e-06,1,1,68.1706285
A2p20_PW5p00e-01us_Em0p90_Es0p40,2.2,5e-07,0.9,0.4,-0.0650000000000031,0.716688628281761,-0.0194039402659113,-0.0194039402659113,0,0.0600000000000034,1.67622814283347e-23,3.43798096866603e-06,1,1,42.4588032
A2p20_PW5p00e-01us_Em0p90_Es0p60,2.2,5e-07,0.9,0.6,-0.105000000000005,0.729770408109893,-0.0340200326033677,-0.0340200326033677,0,0.105000000000005,6.36135399650969e-24,3.38874592345064e-06,1,1,71.2823508
A2p20_PW5p00e-01us_Em0p90_Es0p80,2.2,5e-07,0.9,0.8,-0.0150000000000003,0.700345995343582,-0.00772359692506208,-0.00772359692506208,0,0.0250000000000006,3.20924289304768e-23,3.49958688662184e-06,1,1,68.0710628
A2p20_PW1p00e+00us_Em0p50_Es0p40,2.2,1e-06,0.5,0.4,-2.16840434497111e-16,0.695750375506526,-0.0031279770880055,-0.0031279770880055,0,0.0100000000000007,1.67011169038518e-23,3.51808184152376e-06,1,1,88.0337592
A2p20_PW1p00e+00us_Em0p50_Es0p60,2.2,1e-06,0.5,0.6,-0.00500000000000028,0.697284688015849,-0.011163450233604,-0.00950686381063892,0.00165658642296507,0.0300000000000015,6.24259135159053e-23,3.51191618865581e-06,1,1,78.8665985
A2p20_PW1p00e+00us_Em0p50_Es0p80,2.2,1e-06,0.5,0.8,-0.0100000000000006,0.698799624477028,-0.0143562287757787,-0.0126783866947822,0.00167784208099653,0.0400000000000023,3.12499255074891e-23,3.50575120303195e-06,1,1,90.8840902
A2p20_PW1p00e+00us_Em0p70_Es0p40,2.2,1e-06,0.7,0.4,-0.0250000000000013,0.703783229025631,-0.00803285351910499,-0.00803285351910499,0,0.0250000000000013,1.60098324060659e-23,3.48726026936337e-06,1,1,85.2333252
A2p20_PW1p00e+00us_Em0p70_Es0p60,2.2,1e-06,0.7,0.6,-0.00500000000000002,0.697284688015849,-0.00625653159881767,-0.00466228959732917,0.0015942420014885,0.0150000000000004,3.19118978267888e-23,3.51191618865581e-06,1,1,88.723807
A2p20_PW1p00e+00us_Em0p70_Es0p80,2.2,1e-06,0.7,0.8,-0.0100000000000002,0.698799624477028,-0.0110218002718175,-0.009386241209976,0.00163555906184154,0.0300000000000012,1.69135960873222e-23,3.50575120303195e-06,1,1,82.1786979
A2p20_PW1p00e+00us_Em0p90_Es0p40,2.2,1e-06,0.9,0.4,-0.0750000000000035,0.71971435869501,-0.0224296706791604,-0.0224296706791604,0,0.0700000000000035,6.25475264376857e-23,3.42566801693405e-06,1,1,64.8237813
A2p20_PW1p00e+00us_Em0p90_Es0p60,2.2,1e-06,0.9,0.6,-0.130000000000006,0.737619625435096,-0.0418692499285702,-0.0418692499285702,0,0.130000000000006,3.19305327497009e-23,3.35799697116561e-06,1,1,84.0891772
A2p20_PW1p00e+00us_Em0p90_Es0p80,2.2,1e-06,0.9,0.8,-0.0300000000000013,0.705469419884065,-0.0128470214655448,-0.0112730423823907,0.00157397908315415,0.0350000000000014,5.53391298671187e-24,3.48109797249654e-06,1,1,83.5734502
A2p20_PW2p00e+00us_Em0p50_Es0p40,2.2,2e-06,0.5,0.4,0,0.695750375506526,-0.0031279770880055,-0.0031279770880055,0,0.0100000000000004,3.11784619773039e-23,3.51808184152376e-06,1,1,117.1032173
A2p20_PW2p00e+00us_Em0p50_Es0p60,2.2,2e-06,0.5,0.6,-0.00500000000000024,0.697284688015849,-0.011163450233604,-0.00950686381063892,0.00165658642296507,0.0300000000000015,6.24259135159053e-23,3.51191618865581e-06,1,1,116.7595804
A2p20_PW2p00e+00us_Em0p50_Es0p80,2.2,2e-06,0.5,0.8,-0.0100000000000006,0.698799624477028,-0.0143562287757789,-0.0126783866947822,0.00167784208099675,0.040000000000002,3.12499255074891e-23,3.50575120303195e-06,1,1,126.9854508
A2p20_PW2p00e+00us_Em0p70_Es0p40,2.2,2e-06,0.7,0.4,2.16840434497111e-17,0.695750375506526,0,0,0,-2.16840434497111e-17,1.89477361167604e-23,3.51808184152376e-06,1,1,130.83727
A2p20_PW2p00e+00us_Em0p70_Es0p60,2.2,2e-06,0.7,0.6,-0.00500000000000002,0.697284688015849,-0.00625653159881767,-0.00625653159881767,0,0.0200000000000006,3.19118978267888e-23,3.51191618865581e-06,1,1,123.5858261
A2p20_PW2p00e+00us_Em0p70_Es0p80,2.2,2e-06,0.7,0.8,-0.00500000000000024,0.697284688015849,-0.00950686381063892,-0.00787130474879738,0.00163555906184154,0.0250000000000013,6.24259135159053e-23,3.51191618865581e-06,1,1,119.7501134
A2p20_PW2p00e+00us_Em0p90_Es0p40,2.2,2e-06,0.9,0.4,-0.0700000000000031,0.718211083703157,-0.0209263956873073,-0.0209263956873073,0,0.0650000000000027,9.76645673811724e-24,3.43182414604072e-06,1,1,82.3792732
A2p20_PW2p00e+00us_Em0p90_Es0p60,2.2,2e-06,0.9,0.6,-0.110000000000005,0.73138064208093,-0.0356302665744044,-0.0356302665744048,4.44089209850063e-16,0.110000000000005,1.64569489410287e-23,3.3825947077991e-06,1,1,125.6496799
A2p20_PW2p00e+00us_Em0p90_Es0p80,2.2,2e-06,0.9,0.8,-0.0250000000000014,0.703783229025631,-0.0111608306071106,-0.0111608306071106,0,0.0350000000000016,1.60098324060659e-23,3.48726026936339e-06,1,1,107.6283711
A2p60_PW2p00e-01us_Em0p50_Es0p40,2.6,2e-07,0.5,0.4,3.90312782094799e-16,0.695750375506525,-0.00312797708800505,-0.00312797708800505,0,0.00999999999999991,1.67011169038518e-23,3.51808184152376e-06,1,1,64.117865
A2p60_PW2p00e-01us_Em0p50_Es0p60,2.6,2e-07,0.5,0.6,-0.00500000000000045,0.697284688015849,-0.011163450233604,-0.011163450233604,0,0.0350000000000018,9.64810003864081e-24,3.51191618865581e-06,1,1,63.8265894
A2p60_PW2p00e-01us_Em0p50_Es0p80,2.6,2e-07,0.5,0.8,-0.0100000000000005,0.698799624477028,-0.0143562287757789,-0.0143562287757789,0,0.0450000000000021,3.19989761666105e-23,3.50575120303195e-06,1,1,68.4126758
A2p60_PW2p00e-01us_Em0p70_Es0p40,2.6,2e-07,0.7,0.4,-0.0050000000000003,0.697284688015849,-0.00153431250932368,-0.00153431250932368,0,0.00500000000000045,6.24259135159053e-23,3.51191618865581e-06,1,1,63.6917847
A2p60_PW2p00e-01us_Em0p70_Es0p60,2.6,2e-07,0.7,0.6,-0.00500000000000032,0.697284688015849,-0.00625653159881767,-0.00625653159881767,0,0.0200000000000008,6.18364515164495e-23,3.51191618865581e-06,1,1,63.1918738
A2p60_PW2p00e-01us_Em0p70_Es0p80,2.6,2e-07,0.7,0.8,-0.00500000000000045,0.697284688015849,-0.011163450233604,-0.00950686381063892,0.00165658642296507,0.0300000000000016,9.64810003864081e-24,3.51191618865581e-06,1,1,63.933141
A2p60_PW2p00e-01us_Em0p90_Es0p40,2.6,2e-07,0.9,0.4,-0.0650000000000028,0.716688628281761,-0.0194039402659114,-0.0194039402659114,0,0.0600000000000024,1.67622814283347e-23,3.43798096866603e-06,1,1,37.7535962
A2p60_PW2p00e-01us_Em0p90_Es0p60,2.6,2e-07,0.9,0.6,-0.095000000000004,0.726487502767794,-0.0307371272612686,-0.029202814751945,0.00153431250932368,0.0900000000000038,1.62457206846058e-23,3.40105047748306e-06,1,1,63.5646201
A2p60_PW2p00e-01us_Em0p90_Es0p80,2.6,2e-07,0.9,0.8,-0.00499999999999993,0.697284688015849,-0.00466228959732917,-0.00466228959732917,0,0.0150000000000004,3.19118978267888e-23,3.51191618865581e-06,1,1,62.5154294
A2p60_PW5p00e-01us_Em0p50_Es0p40,2.6,5e-07,0.5,0.4,0,0.695750375506526,-0.0031279770880055,-0.0031279770880055,0,0.0100000000000003,3.11784619773039e-23,3.51808184152376e-06,1,1,79.5771996
A2p60_PW5p00e-01us_Em0p50_Es0p60,2.6,5e-07,0.5,0.6,-0.00500000000000032,0.697284688015849,-0.011163450233604,-0.011163450233604,0,0.0350000000000017,6.18364515164495e-23,3.51191618865581e-06,1,1,68.8154564
A2p60_PW5p00e-01us_Em0p50_Es0p80,2.6,5e-07,0.5,0.8,-0.0100000000000006,0.698799624477028,-0.0160555418297913,-0.0126783866947822,0.00337715513500914,0.0400000000000021,3.12499255074891e-23,3.50575120303195e-06,1,1,71.6784588
A2p60_PW5p00e-01us_Em0p70_Es0p40,2.6,5e-07,0.7,0.4,-0.0250000000000011,0.703783229025631,-0.00803285351910499,-0.00803285351910499,0,0.0250000000000012,3.23005786521792e-23,3.48726026936337e-06,1,1,75.4579539
A2p60_PW5p00e-01us_Em0p70_Es0p60,2.6,5e-07,0.7,0.6,-0.00500000000000015,0.697284688015849,-0.00625653159881767,-0.00625653159881767,0,0.0200000000000009,3.19118978267888e-23,3.51191618865581e-06,1,1,72.304258
A2p60_PW5p00e-01us_Em0p70_Es0p80,2.6,5e-07,0.7,0.8,-0.00500000000000022,0.697284688015849,-0.00950686381063892,-0.00950686381063892,0,0.0300000000000013,6.24259135159053e-23,3.51191618865581e-06,1,1,71.3483449
A2p60_PW5p00e-01us_Em0p90_Es0p40,2.6,5e-07,0.9,0.4,-0.0600000000000026,0.71514667447125,-0.0178619864554006,-0.0178619864554006,0,0.0550000000000026,1.66635551868979e-23,3.44413848273631e-06,1,1,45.8674117
A2p60_PW5p00e-01us_Em0p90_Es0p60,2.6,5e-07,0.9,0.6,-0.110000000000005,0.73138064208093,-0.0356302665744044,-0.0356302665744044,0,0.110000000000005,1.64569489410287e-23,3.3825947077991e-06,1,1,74.6697685
A2p60_PW5p00e-01us_Em0p90_Es0p80,2.6,5e-07,0.9,0.8,-0.0250000000000013,0.703783229025631,-0.0111608306071105,-0.0111608306071105,0,0.0350000000000019,1.60098324060659e-23,3.48726026936337e-06,1,1,70.7122136
A2p60_PW1p00e+00us_Em0p50_Es0p40,2.6,1e-06,0.5,0.4,0,0.695750375506526,-0.0031279770880055,-0.0031279770880055,0,0.0100000000000004,3.11784619773039e-23,3.51808184152376e-06,1,1,86.4933984
A2p60_PW1p00e+00us_Em0p50_Es0p60,2.6,1e-06,0.5,0.6,-0.00500000000000041,0.697284688015849,-0.011163450233604,-0.011163450233604,0,0.0350000000000017,9.64810003864081e-24,3.51191618865581e-06,1,1,83.927617
A2p60_PW1p00e+00us_Em0p50_Es0p80,2.6,1e-06,0.5,0.8,-0.00999999999999983,0.698799624477028,-0.0143562287757789,-0.0126783866947822,0.00167784208099675,0.0400000000000013,1.69135960873222e-23,3.50575120303195e-06,1,1,89.1492664
A2p60_PW1p00e+00us_Em0p70_Es0p40,2.6,1e-06,0.7,0.4,-0.0450000000000023,0.710400851406715,-0.0146504759001892,-0.0146504759001892,0,0.0450000000000024,1.80367432853186e-23,3.46261515301396e-06,1,1,86.3233461
A2p60_PW1p00e+00us_Em0p70_Es0p60,2.6,1e-06,0.7,0.6,-0.00500000000000024,0.697284688015849,-0.00787130474879705,-0.00625653159881767,0.00161477314997938,0.0200000000000008,6.24259135159053e-23,3.51191618865581e-06,1,1,80.8825829
A2p60_PW1p00e+00us_Em0p70_Es0p80,2.6,1e-06,0.7,0.8,-0.0100000000000006,0.698799624477028,-0.0110218002718171,-0.0110218002718171,0,0.0350000000000017,3.12499255074891e-23,3.50575120303195e-06,1,1,88.1163603
A2p60_PW1p00e+00us_Em0p90_Es0p40,2.6,1e-06,0.9,0.4,-0.0400000000000016,0.708778001317939,-0.01149331330209,-0.01149331330209,0,0.0350000000000014,8.91339305318155e-24,3.46877541230537e-06,1,1,56.3105664
A2p60_PW1p00e+00us_Em0p90_Es0p60,2.6,1e-06,0.9,0.6,-0.130000000000006,0.737619625435096,-0.0418692499285702,-0.0418692499285702,0,0.130000000000006,3.19305327497009e-23,3.35799697116561e-06,1,1,81.6793534
A2p60_PW1p00e+00us_Em0p90_Es0p80,2.6,1e-06,0.9,0.8,-0.0250000000000009,0.703783229025631,-0.0111608306071108,-0.0111608306071108,0,0.0350000000000012,1.61502893260896e-23,3.48726026936337e-06,1,1,72.4639832
A2p60_PW2p00e+00us_Em0p50_Es0p40,2.6,2e-06,0.5,0.4,-1.73472347597688e-16,0.695750375506526,-0.004722219089494,-0.0031279770880055,0.0015942420014885,0.0100000000000006,1.67011169038519e-23,3.51808184152376e-06,1,1,112.4290847
A2p60_PW2p00e+00us_Em0p50_Es0p60,2.6,2e-06,0.5,0.6,-0.00500000000000043,0.697284688015849,-0.011163450233604,-0.011163450233604,0,0.0350000000000017,9.64810003864081e-24,3.51191618865581e-06,1,1,103.8945748
A2p60_PW2p00e+00us_Em0p50_Es0p80,2.6,2e-06,0.5,0.8,-0.0100000000000005,0.698799624477028,-0.0143562287757789,-0.0126783866947822,0.00167784208099675,0.0400000000000018,3.19989761666105e-23,3.50575120303195e-06,1,1,103.3515484
A2p60_PW2p00e+00us_Em0p70_Es0p40,2.6,2e-06,0.7,0.4,-0.0350000000000016,0.707134269577096,-0.0113838940705701,-0.0113838940705701,0,0.0350000000000016,1.62705812935125e-23,3.47493635280651e-06,1,1,112.8117516
A2p60_PW2p00e+00us_Em0p70_Es0p60,2.6,2e-06,0.7,0.6,-0.00500000000000006,0.697284688015849,-0.00625653159881767,-0.00625653159881767,0,0.0200000000000005,3.19118978267888e-23,3.51191618865581e-06,1,1,102.2880997
A2p60_PW2p00e+00us_Em0p70_Es0p80,2.6,2e-06,0.7,0.8,-0.00500000000000028,0.697284688015849,-0.00950686381063892,-0.00787130474879738,0.00163555906184154,0.0250000000000012,6.24259135159053e-23,3.51191618865581e-06,1,1,118.1341158
A2p60_PW2p00e+00us_Em0p90_Es0p40,2.6,2e-06,0.9,0.4,-0.0950000000000041,0.726487502767794,-0.029202814751945,-0.029202814751945,0,0.0900000000000037,3.14575270853845e-23,3.40105047748306e-06,1,1,78.8092302
A2p60_PW2p00e+00us_Em0p90_Es0p60,2.6,2e-06,0.9,0.6,-0.0950000000000042,0.726487502767794,-0.0307371272612686,-0.0307371272612686,0,0.0950000000000042,1.70332887494543e-23,3.40105047748306e-06,1,1,109.1706611
A2p60_PW2p00e+00us_Em0p90_Es0p80,2.6,2e-06,0.9,0.8,-6.50521303491332e-17,0.695750375506526,-0.0031279770880055,-0.0031279770880055,0,0.0100000000000005,1.67011169038519e-23,3.51808184152376e-06,1,1,113.7340006
A3p00_PW2p00e-01us_Em0p50_Es0p40,3,2e-07,0.5,0.4,0,0.695750375506526,-0.0031279770880055,-0.0031279770880055,0,0.0100000000000006,3.11784619773039e-23,3.51808184152376e-06,1,1,63.2050024
A3p00_PW2p00e-01us_Em0p50_Es0p60,3,2e-07,0.5,0.6,-0.00500000000000037,0.697284688015849,-0.011163450233604,-0.011163450233604,0,0.0350000000000018,6.18364515164495e-23,3.51191618865581e-06,1,1,62.2203329
A3p00_PW2p00e-01us_Em0p50_Es0p80,3,2e-07,0.5,0.8,-0.0100000000000006,0.698799624477028,-0.0160555418297913,-0.0143562287757789,0.00169931305401239,0.0450000000000019,3.12499255074891e-23,3.50575120303195e-06,1,1,71.5210919
A3p00_PW2p00e-01us_Em0p70_Es0p40,3,2e-07,0.7,0.4,-0.0250000000000012,0.703783229025631,-0.00803285351910521,-0.00803285351910521,0,0.0250000000000013,3.23005786521792e-23,3.48726026936337e-06,1,1,61.6099997
A3p00_PW2p00e-01us_Em0p70_Es0p60,3,2e-07,0.7,0.6,-0.0050000000000003,0.697284688015849,-0.00787130474879705,-0.00625653159881767,0.00161477314997938,0.0200000000000008,6.24259135159053e-23,3.51191618865581e-06,1,1,61.1776417
A3p00_PW2p00e-01us_Em0p70_Es0p80,3,2e-07,0.7,0.8,-0.00500000000000032,0.697284688015849,-0.011163450233604,-0.00950686381063892,0.00165658642296507,0.0300000000000016,6.18364515164495e-23,3.51191618865581e-06,1,1,60.5968133
A3p00_PW2p00e-01us_Em0p90_Es0p40,3,2e-07,0.9,0.4,-0.0700000000000033,0.718211083703157,-0.0209263956873077,-0.0209263956873077,0,0.0650000000000031,1.6869371015203e-23,3.43182414604072e-06,1,1,38.4118692
A3p00_PW2p00e-01us_Em0p90_Es0p60,3,2e-07,0.9,0.6,-0.130000000000006,0.737619625435096,-0.0418692499285702,-0.0403349374192465,0.00153431250932368,0.125000000000005,1.68265556859422e-23,3.35799697116563e-06,1,1,64.0296826
A3p00_PW2p00e-01us_Em0p90_Es0p80,3,2e-07,0.9,0.8,-0.040000000000002,0.70877800131794,-0.0161556028994193,-0.0161556028994193,0,0.0500000000000026,8.91339305318156e-24,3.46877541230537e-06,1,1,59.9079868
A3p00_PW5p00e-01us_Em0p50_Es0p40,3,5e-07,0.5,0.4,0,0.695750375506526,-0.0031279770880055,-0.0031279770880055,0,0.0100000000000006,3.11784619773039e-23,3.51808184152376e-06,1,1,71.4394637
A3p00_PW5p00e-01us_Em0p50_Es0p60,3,5e-07,0.5,0.6,-0.00500000000000041,0.697284688015849,-0.011163450233604,-0.011163450233604,0,0.0350000000000019,9.64810003864081e-24,3.51191618865581e-06,1,1,72.939584
A3p00_PW5p00e-01us_Em0p50_Es0p80,3,5e-07,0.5,0.8,-0.0100000000000001,0.698799624477028,-0.0143562287757794,-0.0126783866947826,0.00167784208099675,0.0400000000000015,1.69135960873222e-23,3.50575120303195e-06,1,1,71.2206585
A3p00_PW5p00e-01us_Em0p70_Es0p40,3,5e-07,0.7,0.4,-0.0100000000000005,0.698799624477028,-0.00304924897050185,-0.00304924897050185,0,0.0100000000000005,3.12499255074891e-23,3.50575120303195e-06,1,1,68.5987834
A3p00_PW5p00e-01us_Em0p70_Es0p60,3,5e-07,0.7,0.6,-0.00500000000000024,0.697284688015849,-0.00787130474879738,-0.00625653159881767,0.00161477314997971,0.020000000000001,6.24259135159053e-23,3.51191618865581e-06,1,1,69.466916
A3p00_PW5p00e-01us_Em0p70_Es0p80,3,5e-07,0.7,0.8,-0.00500000000000037,0.697284688015849,-0.011163450233604,-0.00950686381063892,0.00165658642296507,0.0300000000000014,6.18364515164495e-23,3.51191618865581e-06,1,1,67.4952546
A3p00_PW5p00e-01us_Em0p90_Es0p40,3,5e-07,0.9,0.4,-0.0700000000000032,0.718211083703157,-0.0224607081966309,-0.0194114592261291,0.00304924897050185,0.0600000000000027,6.24704057319189e-23,3.43182414604072e-06,1,1,47.1814663
A3p00_PW5p00e-01us_Em0p90_Es0p60,3,5e-07,0.9,0.6,-0.115000000000005,0.732970402753516,-0.0372200272469898,-0.0372200272469898,0,0.115000000000005,1.65387380991535e-23,3.37644420258365e-06,1,1,70.5463049
A3p00_PW5p00e-01us_Em0p90_Es0p80,3,5e-07,0.9,0.8,-0.0600000000000028,0.71514667447125,-0.0225242760527298,-0.0225242760527298,0,0.0700000000000033,1.66635551868979e-23,3.44413848273631e-06,1,1,66.871368
A3p00_PW1p00e+00us_Em0p50_Es0p40,3,1e-06,0.5,0.4,6.50521303491332e-17,0.695750375506526,-0.00312797708800572,-0.0031279770880055,2.22044604925031e-16,0.0100000000000006,3.18307237614262e-23,3.51808184152376e-06,1,1,84.1438611
A3p00_PW1p00e+00us_Em0p50_Es0p60,3,1e-06,0.5,0.6,-0.00500000000000041,0.697284688015849,-0.0111634502336044,-0.00950686381063892,0.00165658642296551,0.0300000000000015,9.64810003864081e-24,3.51191618865581e-06,1,1,86.4364712
A3p00_PW1p00e+00us_Em0p50_Es0p80,3,1e-06,0.5,0.8,-0.0100000000000005,0.698799624477028,-0.0160555418297913,-0.0143562287757787,0.00169931305401261,0.045000000000002,3.19989761666105e-23,3.50575120303195e-06,1,1,85.2638652
A3p00_PW1p00e+00us_Em0p70_Es0p40,3,1e-06,0.7,0.4,-0.0600000000000026,0.71514667447125,-0.0193962989647243,-0.0193962989647243,0,0.0600000000000024,1.66635551868979e-23,3.44413848273631e-06,1,1,86.7473318
A3p00_PW1p00e+00us_Em0p70_Es0p60,3,1e-06,0.7,0.6,-0.0050000000000003,0.697284688015849,-0.00625653159881767,-0.00625653159881767,0,0.020000000000001,6.24259135159053e-23,3.51191618865581e-06,1,1,89.3018037
A3p00_PW1p00e+00us_Em0p70_Es0p80,3,1e-06,0.7,0.8,-0.00500000000000024,0.697284688015849,-0.011163450233604,-0.00950686381063892,0.00165658642296507,0.0300000000000015,6.24259135159053e-23,3.51191618865581e-06,1,1,85.8907343
A3p00_PW1p00e+00us_Em0p90_Es0p40,3,1e-06,0.9,0.4,-0.0750000000000034,0.71971435869501,-0.0239639831884844,-0.0209147342179825,0.00304924897050185,0.0650000000000029,3.20551922176267e-23,3.42566801693405e-06,1,1,63.3455151
A3p00_PW1p00e+00us_Em0p90_Es0p60,3,1e-06,0.9,0.6,-0.0850000000000039,0.723119784235284,-0.0273694087287584,-0.0258350962194347,0.00153431250932368,0.0800000000000037,1.61288040819898e-23,3.41335784761634e-06,1,1,89.9095072
A3p00_PW1p00e+00us_Em0p90_Es0p80,3,1e-06,0.9,0.8,-0.045000000000002,0.710400851406715,-0.0177784529881945,-0.0177784529881945,0,0.0550000000000027,6.31880702135635e-23,3.46261515301396e-06,1,1,91.1743702
A3p00_PW2p00e+00us_Em0p50_Es0p40,3,2e-06,0.5,0.4,-2.38524477946822e-16,0.695750375506526,-0.0031279770880055,-0.0031279770880055,0,0.0100000000000008,1.67011169038518e-23,3.51808184152376e-06,1,1,117.1324478
A3p00_PW2p00e+00us_Em0p50_Es0p60,3,2e-06,0.5,0.6,-0.0050000000000005,0.697284688015849,-0.011163450233604,-0.00950686381063892,0.00165658642296507,0.0300000000000016,9.64810003864081e-24,3.51191618865581e-06,1,1,116.3020669
A3p00_PW2p00e+00us_Em0p50_Es0p80,3,2e-06,0.5,0.8,-0.0100000000000005,0.698799624477028,-0.0160555418297913,-0.0126783866947822,0.00337715513500914,0.040000000000002,3.12499255074891e-23,3.50575120303195e-06,1,1,110.8713794
A3p00_PW2p00e+00us_Em0p70_Es0p40,3,2e-06,0.7,0.4,-0.0200000000000011,0.70207548670175,-0.00632511119522472,-0.00632511119522472,0,0.0200000000000011,1.71649140271561e-23,3.49342324140349e-06,1,1,100.4352952
A3p00_PW2p00e+00us_Em0p70_Es0p60,3,2e-06,0.7,0.6,-0.00500000000000011,0.697284688015849,-0.00625653159881767,-0.00625653159881812,4.44089209850063e-16,0.020000000000001,3.19118978267888e-23,3.51191618865581e-06,1,1,104.0872533
A3p00_PW2p00e+00us_Em0p70_Es0p80,3,2e-06,0.7,0.8,-0.00500000000000022,0.697284688015849,-0.011163450233604,-0.00950686381063892,0.00165658642296507,0.0300000000000013,6.24259135159053e-23,3.51191618865581e-06,1,1,102.2512532
A3p00_PW2p00e+00us_Em0p90_Es0p40,3,2e-06,0.9,0.4,-0.0650000000000031,0.716688628281761,-0.0178890038047331,-0.0194039402659113,0.00151493646117817,0.0600000000000028,1.67622814283347e-23,3.43798096866603e-06,1,1,80.0533721
A3p00_PW2p00e+00us_Em0p90_Es0p60,3,2e-06,0.9,0.6,-0.115000000000005,0.732970402753516,-0.0372200272469898,-0.0372200272469898,0,0.115000000000005,2.76382452923043e-23,3.37644420258365e-06,1,1,105.5486202
A3p00_PW2p00e+00us_Em0p90_Es0p80,3,2e-06,0.9,0.8,-0.0400000000000017,0.70877800131794,-0.0161556028994193,-0.0161556028994193,0,0.0500000000000024,1.52653318351065e-23,3.46877541230537e-06,1,1,111.0009403
