case_id,amp,pw,Ea_mean,Ea_sigma,P0,Vth0,idmin0,idmax0,valid0,dV1,dV100,gradual,dP1,dP100,valid_ratio,is_small_all,is_fast_sat,is_good_prog,elapsed_s
A1p80_PW2p00e-01us_Em0p75_Es0p20,1.8,2e-07,0.75,0.2,0.190000000000009,0.634461958868446,3.17675250944985e-23,3.75285243172662e-06,1,0.0178114544375896,0.114674852614268,0.0968633981766789,-0.0550000000000025,-0.355000000000016,1,0,0,1,30.4380625
A1p80_PW2p00e-01us_Em0p75_Es0p30,1.8,2e-07,0.75,0.3,6.50521303491332e-17,0.695750375506526,3.18307237614262e-23,3.51808184152376e-06,1,0,0,0,2.16840434497111e-17,-3.25260651745666e-16,1,1,0,0,47.3053289
A1p80_PW2p00e-01us_Em0p75_Es0p40,1.8,2e-07,0.75,0.4,-0.0350000000000014,0.707134269577096,1.76370137646553e-23,3.47493635280651e-06,1,-0.0113838940705701,-0.0113838940705705,4.44089209850063e-16,0.0350000000000015,0.0350000000000018,1,1,0,0,58.4742402
A1p80_PW2p00e-01us_Em0p75_Es0p50,1.8,2e-07,0.75,0.5,-0.0150000000000006,0.700345995343583,3.20924289304768e-23,3.49958688662184e-06,1,-0.00459561983705692,-0.00459561983705692,0,0.0150000000000005,0.0150000000000005,1,1,0,0,70.7409348
A1p80_PW2p00e-01us_Em0p75_Es0p60,1.8,2e-07,0.75,0.6,3.90312782094799e-16,0.695750375506525,1.67011169038518e-23,3.51808184152376e-06,1,4.44089209850063e-16,4.44089209850063e-16,0,-5.85469173142199e-16,-5.42101086242777e-16,1,1,0,0,67.9788776
A1p80_PW2p00e-01us_Em0p75_Es0p70,1.8,2e-07,0.75,0.7,-0.00500000000000026,0.697284688015849,6.24259135159053e-23,3.51191618865581e-06,1,-0.00625653159881767,-0.00466228959732917,0.0015942420014885,0.020000000000001,0.0150000000000008,1,1,0,0,62.8178715
A1p80_PW2p00e-01us_Em0p80_Es0p20,1.8,2e-07,0.8,0.2,0.22000000000001,0.62473013787004,6.2808591353082e-23,3.79000266374213e-06,1,-0.022740607608097,0.0773453488317108,0.100085956439808,0.0700000000000032,-0.240000000000011,1,0,0,0,31.1313212
A1p80_PW2p00e-01us_Em0p80_Es0p30,1.8,2e-07,0.8,0.3,0.0300000000000012,0.686121237782245,1.75300328868883e-23,3.55508966160608e-06,1,0.0274636804629527,0.0305673904995153,0.00310371003656262,-0.0850000000000037,-0.0950000000000043,1,1,0,0,27.0791503
A1p80_PW2p00e-01us_Em0p80_Es0p40,1.8,2e-07,0.8,0.4,-0.0650000000000026,0.716688628281761,1.67622814283347e-23,3.43798096866603e-06,1,-0.0209382527752355,-0.0209382527752355,0,0.0650000000000028,0.0650000000000028,1,1,0,0,65.9700581
A1p80_PW2p00e-01us_Em0p80_Es0p50,1.8,2e-07,0.8,0.5,-0.0650000000000031,0.716688628281761,1.67622814283347e-23,3.43798096866603e-06,1,-0.0224922507800863,-0.0224922507800863,0,0.0700000000000032,0.0700000000000034,1,1,0,0,55.2199862
A1p80_PW2p00e-01us_Em0p80_Es0p60,1.8,2e-07,0.8,0.6,-0.0150000000000008,0.700345995343583,1.0078653578893e-23,3.49958688662184e-06,1,-0.00614961784190859,-0.00614961784190859,0,0.020000000000001,0.0200000000000008,1,1,0,0,61.6129236
A1p80_PW2p00e-01us_Em0p80_Es0p70,1.8,2e-07,0.8,0.7,-0.00500000000000013,0.697284688015849,3.19118978267888e-23,3.51191618865581e-06,1,-0.00308831051417502,-0.00308831051417502,0,0.0100000000000003,0.0100000000000003,1,1,0,0,62.4411973
A1p80_PW2p00e-01us_Em0p85_Es0p20,1.8,2e-07,0.85,0.2,0.245000000000011,0.616611996261472,6.23949676993263e-23,3.82097733757683e-06,1,-0.0612792476299002,0.032443356073499,0.0937226037033992,0.190000000000009,-0.100000000000005,1,1,0,0,30.1618228
A1p80_PW2p00e-01us_Em0p85_Es0p30,1.8,2e-07,0.85,0.3,0.0350000000000015,0.684443395701249,1.73674850145486e-23,3.5612599307296e-06,1,0.00975298180042572,0.0352709629937611,0.0255179811933354,-0.0300000000000014,-0.110000000000005,1,1,0,0,27.5343701
A1p80_PW2p00e-01us_Em0p85_Es0p40,1.8,2e-07,0.85,0.4,-0.0500000000000023,0.712003069395618,9.13503073817031e-24,3.45645557696168e-06,1,-0.0162526938890919,-0.0162526938890923,4.44089209850063e-16,0.0500000000000024,0.0500000000000026,1,1,0,0,49.41907
A1p80_PW2p00e-01us_Em0p85_Es0p50,1.8,2e-07,0.85,0.5,-0.0950000000000044,0.726487502767795,2.27110516659391e-23,3.40105047748306e-06,1,-0.0307371272612694,-0.0307371272612694,0,0.0950000000000044,0.0950000000000044,1,1,0,0,58.8551949
A1p80_PW2p00e-01us_Em0p85_Es0p60,1.8,2e-07,0.85,0.6,-0.0750000000000034,0.71971435869501,3.20551922176267e-23,3.42566801693405e-06,1,-0.0239639831884844,-0.0239639831884844,0,0.0750000000000033,0.0750000000000033,1,1,0,0,61.5343402
A1p80_PW2p00e-01us_Em0p85_Es0p70,1.8,2e-07,0.85,0.7,-0.0500000000000024,0.712003069395618,3.29761977407919e-23,3.45645557696168e-06,1,-0.0193806709770974,-0.0193806709770974,0,0.0600000000000029,0.0600000000000029,1,1,0,0,64.0664826
A1p80_PW2p00e-01us_Em0p90_Es0p20,1.8,2e-07,0.9,0.2,0.270000000000012,0.608696312687809,1.24205318033179e-22,3.85196647500492e-06,1,-0.074312406123331,-0.021000816453185,0.053311589670146,0.230000000000011,0.0650000000000031,1,1,0,0,29.1084721
A1p80_PW2p00e-01us_Em0p90_Es0p30,1.8,2e-07,0.9,0.3,0.0750000000000033,0.67165233849492,1.64704125424543e-23,3.6106453896782e-06,1,-0.0225969861599489,0.0240980370116057,0.0466950231715546,0.0700000000000032,-0.0750000000000035,1,1,0,0,26.6467973
A1p80_PW2p00e-01us_Em0p90_Es0p40,1.8,2e-07,0.9,0.4,-0.0550000000000027,0.713584918245198,1.49916908011051e-23,3.45029668618681e-06,1,-0.0209625198266779,-0.0178345427386724,0.0031279770880055,0.0650000000000029,0.0550000000000027,1,1,0,0,39.3591447
A1p80_PW2p00e-01us_Em0p90_Es0p50,1.8,2e-07,0.9,0.5,-0.125000000000006,0.736089602692929,9.51028068281694e-24,3.36414533209621e-06,1,-0.040339227186403,-0.040339227186403,0,0.125000000000006,0.125000000000006,1,1,0,0,55.7920168
A1p80_PW2p00e-01us_Em0p90_Es0p60,1.8,2e-07,0.9,0.6,-0.0950000000000045,0.726487502767795,1.75678959213731e-23,3.40105047748306e-06,1,-0.0307371272612694,-0.0307371272612694,0,0.0950000000000042,0.0950000000000045,1,1,0,0,58.0357592
A1p80_PW2p00e-01us_Em0p90_Es0p70,1.8,2e-07,0.9,0.7,-0.0550000000000027,0.713584918245198,1.49916908011051e-23,3.45029668618681e-06,1,-0.0178345427386724,-0.0193885407435237,0.00155399800485134,0.0550000000000027,0.0600000000000029,1,1,0,0,58.05697
A1p80_PW2p00e-01us_Em0p95_Es0p20,1.8,2e-07,0.95,0.2,0.315000000000014,0.594118155496395,1.85342832993105e-22,3.90778274121679e-06,1,-0.0745532705326752,-0.0760584488600387,0.00150517832736341,0.230000000000011,0.235000000000011,1,0,1,0,25.8444619
A1p80_PW2p00e-01us_Em0p95_Es0p30,1.8,2e-07,0.95,0.3,0.0800000000000034,0.670045603535869,1.6393665091844e-23,3.61682145726489e-06,1,-0.0534336072743972,-0.0177721902298335,0.0356614170445637,0.165000000000008,0.0550000000000026,1,1,0,0,22.5185448
A1p80_PW2p00e-01us_Em0p95_Es0p40,1.8,2e-07,0.95,0.4,-0.0650000000000029,0.716688628281761,1.91548416152047e-23,3.43798096866603e-06,1,-0.0194039402659114,-0.0129053992561301,0.00649854100978131,0.0600000000000028,0.0400000000000018,1,1,0,0,24.8399016
A1p80_PW2p00e-01us_Em0p95_Es0p50,1.8,2e-07,0.95,0.5,-0.140000000000006,0.740728359121953,1.70617238924908e-23,3.3457024088559e-06,1,-0.0449779836154276,-0.0449779836154272,4.44089209850063e-16,0.140000000000006,0.140000000000006,1,1,0,0,43.3192481
A1p80_PW2p00e-01us_Em0p95_Es0p60,1.8,2e-07,0.95,0.6,-0.180000000000008,0.753930218649596,2.2637639987548e-24,3.29655327873955e-06,1,-0.0581798431430709,-0.0581798431430709,0,0.180000000000008,0.180000000000008,1,0,1,0,51.6999445
A1p80_PW2p00e-01us_Em0p95_Es0p70,1.8,2e-07,0.95,0.7,-0.0950000000000039,0.726487502767794,1.62457206846058e-23,3.40105047748306e-06,1,-0.0307371272612684,-0.0307371272612684,0,0.0950000000000039,0.0950000000000038,1,1,0,0,60.3748394
A1p80_PW2p00e-01us_Em1p00_Es0p20,1.8,2e-07,1,0.2,0.320000000000014,0.592543169847337,1.85270786450788e-22,3.9139873526768e-06,1,-0.0678973035539556,-0.10007927926564,0.0321819757116848,0.21000000000001,0.310000000000014,1,0,0,1,25.2969044
A1p80_PW2p00e-01us_Em1p00_Es0p30,1.8,2e-07,1,0.3,0.125000000000006,0.655410195488918,1.66797842861209e-23,3.67243442312524e-06,1,-0.0612920399925222,-0.0467138828011088,0.0145781571914134,0.190000000000008,0.145000000000006,1,1,0,0,22.42882
A1p80_PW2p00e-01us_Em1p00_Es0p40,1.8,2e-07,1,0.4,-0.0800000000000037,0.721403582593357,1.71124409566524e-23,3.41951258342871e-06,1,-0.030375426176325,-0.0210575872497738,0.00931783892655125,0.0950000000000043,0.065000000000003,1,1,0,0,28.6304247
A1p80_PW2p00e-01us_Em1p00_Es0p50,1.8,2e-07,1,0.5,-0.150000000000007,0.744156032991392,3.13878661512586e-23,3.33341074062754e-06,1,-0.0484056574848665,-0.0484056574848665,0,0.150000000000007,0.150000000000007,1,1,0,0,48.413212
A1p80_PW2p00e-01us_Em1p00_Es0p60,1.8,2e-07,1,0.6,-0.210000000000009,0.763494438881711,3.13694873804329e-23,3.25972251220983e-06,1,-0.0677440633751853,-0.0677440633751853,0,0.210000000000009,0.210000000000009,1,0,1,0,48.7309004
A1p80_PW2p00e-01us_Em1p00_Es0p70,1.8,2e-07,1,0.7,-0.200000000000009,0.760049805375835,3.12826095500984e-23,3.27199643757827e-06,1,-0.0642994298693094,-0.0642994298693094,0,0.200000000000009,0.200000000000009,1,0,1,0,52.9619527
A1p80_PW5p00e-01us_Em0p75_Es0p20,1.8,5e-07,0.75,0.2,0.195000000000009,0.632891396828927,3.16960727289504e-23,3.75904265545786e-06,1,0.0355267836014093,0.128891615984055,0.0933648323826459,-0.110000000000005,-0.400000000000018,1,0,0,1,37.1367696
A1p80_PW5p00e-01us_Em0p75_Es0p30,1.8,5e-07,0.75,0.3,2.60208521396533e-16,0.695750375506525,3.34022338077038e-23,3.51808184152376e-06,1,4.44089209850063e-16,0,4.44089209850063e-16,-2.60208521396533e-16,3.03576608295955e-16,1,1,0,0,47.8396916
A1p80_PW5p00e-01us_Em0p75_Es0p40,1.8,5e-07,0.75,0.4,-0.0500000000000022,0.712003069395618,1.64880988703959e-23,3.45645557696168e-06,1,-0.0162526938890919,-0.0162526938890919,0,0.0500000000000022,0.0500000000000022,1,1,0,0,56.3858695
A1p80_PW5p00e-01us_Em0p75_Es0p50,1.8,5e-07,0.75,0.5,-0.0250000000000011,0.703783229025631,3.23005786521792e-23,3.48726026936337e-06,1,-0.00803285351910499,-0.00958685152395633,0.00155399800485134,0.025000000000001,0.0300000000000012,1,1,0,0,60.2808442
A1p80_PW5p00e-01us_Em0p75_Es0p60,1.8,5e-07,0.75,0.6,-0.0100000000000002,0.698799624477028,1.69135960873222e-23,3.50575120303195e-06,1,-0.00304924897050274,-0.00304924897050274,0,0.0100000000000005,0.0100000000000005,1,1,0,0,67.5109997
A1p80_PW5p00e-01us_Em0p75_Es0p70,1.8,5e-07,0.75,0.7,0,0.695750375506526,3.11784619773039e-23,3.51808184152376e-06,1,-0.004722219089494,-0.0031279770880055,0.0015942420014885,0.0150000000000007,0.0100000000000005,1,1,0,0,63.5166801
A1p80_PW5p00e-01us_Em0p80_Es0p20,1.8,5e-07,0.8,0.2,0.235000000000011,0.619639645412544,6.25435426744333e-23,3.80858572119271e-06,1,-0.00302764915107145,0.0970489828692173,0.100076632020289,0.0100000000000004,-0.300000000000014,1,0,0,0,36.038696
A1p80_PW5p00e-01us_Em0p80_Es0p30,1.8,5e-07,0.8,0.3,0.0200000000000009,0.689413383267052,8.95305385798701e-24,3.54275108633571e-06,1,0.0225896861285656,0.0241715349781461,0.00158184884958046,-0.0700000000000031,-0.0750000000000033,1,1,0,0,33.4505982
A1p80_PW5p00e-01us_Em0p80_Es0p40,1.8,5e-07,0.8,0.4,-0.0500000000000024,0.712003069395618,9.13503073817031e-24,3.45645557696168e-06,1,-0.0162526938890919,-0.0162526938890919,0,0.0500000000000022,0.0500000000000023,1,1,0,0,62.8139793
A1p80_PW5p00e-01us_Em0p80_Es0p50,1.8,5e-07,0.8,0.5,-0.0950000000000041,0.726487502767794,3.14575270853845e-23,3.40105047748306e-06,1,-0.03229112526612,-0.03229112526612,0,0.100000000000004,0.100000000000004,1,1,0,0,56.5451202
A1p80_PW5p00e-01us_Em0p80_Es0p60,1.8,5e-07,0.8,0.6,-0.0300000000000016,0.705469419884065,1.10678259734238e-23,3.48109797249654e-06,1,-0.0128470214655448,-0.0112730423823907,0.00157397908315415,0.0400000000000021,0.0350000000000019,1,1,0,0,56.4372641
A1p80_PW5p00e-01us_Em0p80_Es0p70,1.8,5e-07,0.8,0.7,-0.00500000000000006,0.697284688015849,3.19118978267888e-23,3.51191618865581e-06,1,-0.00308831051417502,-0.00308831051417502,0,0.0100000000000003,0.0100000000000002,1,1,0,0,60.9872678
A1p80_PW5p00e-01us_Em0p85_Es0p20,1.8,5e-07,0.85,0.2,0.250000000000011,0.615069059435463,9.34920809801255e-23,3.82717401436664e-06,1,-0.0467327977046277,0.0500312370688003,0.096764034773428,0.145000000000007,-0.155000000000007,1,0,0,0,35.5038467
A1p80_PW5p00e-01us_Em0p85_Es0p30,1.8,5e-07,0.85,0.3,0.0300000000000012,0.686121237782245,1.75300328868883e-23,3.55508966160608e-06,1,0.0142247575613377,0.0335931209127651,0.0193683633514274,-0.0450000000000019,-0.105000000000005,1,1,0,0,32.4348036
A1p80_PW5p00e-01us_Em0p85_Es0p40,1.8,5e-07,0.85,0.4,-0.0800000000000037,0.721403582593357,1.71124409566524e-23,3.41951258342871e-06,1,-0.0256532070868311,-0.0256532070868311,0,0.0800000000000037,0.0800000000000037,1,1,0,0,51.2986241
A1p80_PW5p00e-01us_Em0p85_Es0p50,1.8,5e-07,0.85,0.5,-0.0850000000000035,0.723119784235284,2.63495270962206e-23,3.41335784761635e-06,1,-0.0273694087287583,-0.0273694087287578,4.44089209850063e-16,0.0850000000000039,0.0850000000000036,1,1,0,0,56.7606463
A1p80_PW5p00e-01us_Em0p85_Es0p60,1.8,5e-07,0.85,0.6,-0.0750000000000033,0.71971435869501,3.20551922176267e-23,3.42566801693405e-06,1,-0.0239639831884844,-0.0239639831884844,0,0.0750000000000034,0.0750000000000033,1,1,0,0,61.9969139
A1p80_PW5p00e-01us_Em0p85_Es0p70,1.8,5e-07,0.85,0.7,-1.73472347597688e-16,0.695750375506526,1.67011169038519e-23,3.51808184152376e-06,1,-0.0031279770880055,-0.0031279770880055,0,0.0100000000000006,0.0100000000000008,1,1,0,0,61.3853611
A1p80_PW5p00e-01us_Em0p90_Es0p20,1.8,5e-07,0.9,0.2,0.305000000000014,0.59720843520026,1.23669981639469e-22,3.89537519006119e-06,1,-0.0659878908604237,0.00478109506168267,0.0707689859221063,0.205000000000008,-0.015000000000001,1,1,0,0,34.8944133
A1p80_PW5p00e-01us_Em0p90_Es0p30,1.8,5e-07,0.9,0.3,0.0750000000000034,0.67165233849492,1.64704125424543e-23,3.6106453896782e-06,1,-0.0099554671754557,0.0338170813891451,0.0437725485646008,0.0300000000000014,-0.105000000000005,1,1,0,0,30.6449117
A1p80_PW5p00e-01us_Em0p90_Es0p40,1.8,5e-07,0.9,0.4,-0.0600000000000023,0.71514667447125,1.66635551868979e-23,3.44413848273631e-06,1,-0.0225242760527298,-0.0209502969695756,0.00157397908315415,0.0700000000000028,0.0650000000000032,1,1,0,0,44.4215722
A1p80_PW5p00e-01us_Em0p90_Es0p50,1.8,5e-07,0.9,0.5,-0.145000000000007,0.742453049382638,3.13417114221465e-23,3.33955621187574e-06,1,-0.0467026738761126,-0.0467026738761126,0,0.145000000000007,0.145000000000007,1,1,0,0,58.561567
A1p80_PW5p00e-01us_Em0p90_Es0p60,1.8,5e-07,0.9,0.6,-0.135000000000006,0.739130342079333,1.69391878653279e-23,3.35184932935398e-06,1,-0.0449339645776586,-0.0433799665728073,0.00155399800485134,0.140000000000006,0.135000000000006,1,1,0,0,60.0655129
A1p80_PW5p00e-01us_Em0p90_Es0p70,1.8,5e-07,0.9,0.7,-0.0750000000000028,0.71971435869501,1.6985739002011e-23,3.42566801693406e-06,1,-0.0239639831884848,-0.0255179811933361,0.00155399800485134,0.0750000000000031,0.0800000000000034,1,1,0,0,60.9151794
A1p80_PW5p00e-01us_Em0p95_Es0p20,1.8,5e-07,0.95,0.2,0.315000000000014,0.594118155496395,1.2356188866207e-22,3.90778274121679e-06,1,-0.0838786564318732,-0.0645099068531344,0.0193687495787388,0.260000000000011,0.200000000000009,1,0,0,0,31.0763003
A1p80_PW5p00e-01us_Em0p95_Es0p30,1.8,5e-07,0.95,0.3,0.0700000000000032,0.673238645305263,1.65532829334678e-23,3.60446995892775e-06,1,-0.0502041557866489,-0.0178284498163448,0.0323757059703041,0.155000000000007,0.0550000000000026,1,1,0,0,28.0089312
A1p80_PW5p00e-01us_Em0p95_Es0p40,1.8,5e-07,0.95,0.4,-0.0600000000000027,0.71514667447125,1.66635551868979e-23,3.44413848273631e-06,1,-0.0178619864554006,-0.014800679127667,0.00306130732773358,0.0550000000000026,0.045000000000002,1,1,0,0,27.7809603
A1p80_PW5p00e-01us_Em0p95_Es0p50,1.8,5e-07,0.95,0.5,-0.150000000000007,0.744156032991392,3.23253584937858e-23,3.33341074062754e-06,1,-0.0484056574848665,-0.0484056574848665,0,0.150000000000007,0.150000000000007,1,1,0,0,47.6994305
A1p80_PW5p00e-01us_Em0p95_Es0p60,1.8,5e-07,0.95,0.6,-0.165000000000007,0.749136811482715,3.09600001344659e-24,3.31497870356291e-06,1,-0.053386435976189,-0.053386435976189,0,0.165000000000007,0.165000000000007,1,0,1,0,56.7472886
A1p80_PW5p00e-01us_Em0p95_Es0p70,1.8,5e-07,0.95,0.7,-0.110000000000005,0.73138064208093,1.64569489410287e-23,3.3825947077991e-06,1,-0.0356302665744044,-0.0356302665744044,0,0.110000000000005,0.110000000000005,1,1,0,0,59.8382787
A1p80_PW5p00e-01us_Em1p00_Es0p20,1.8,5e-07,1,0.2,0.365000000000016,0.57780192448828,2.46446054582151e-22,3.96985366228705e-06,1,-0.0708331857876204,-0.0822060579495527,0.0113728721619322,0.22000000000001,0.255000000000011,1,0,0,0,31.3315001
A1p80_PW5p00e-01us_Em1p00_Es0p30,1.8,5e-07,1,0.3,0.090000000000004,0.666769822555309,1.75977048585137e-23,3.62917549562015e-06,1,-0.074226652707972,-0.0532635171989828,0.0209631355089892,0.23000000000001,0.165000000000008,1,0,0,0,27.9504225
A1p80_PW5p00e-01us_Em1p00_Es0p40,1.8,5e-07,1,0.4,-0.0500000000000023,0.712003069395618,9.13503073817031e-24,3.45645557696168e-06,1,-0.0162526938890919,-0.0116570740520346,0.00459561983705725,0.0500000000000022,0.0350000000000015,1,1,0,0,30.3249905
A1p80_PW5p00e-01us_Em1p00_Es0p50,1.8,5e-07,1,0.5,-0.180000000000008,0.753930218649596,9.29606532857761e-24,3.29655327873955e-06,1,-0.0581798431430705,-0.0581798431430705,0,0.180000000000008,0.180000000000008,1,0,1,0,54.4934264
A1p80_PW5p00e-01us_Em1p00_Es0p60,1.8,5e-07,1,0.6,-0.21500000000001,0.76518427900523,1.09946331191947e-23,3.25358668149372e-06,1,-0.0694339034987046,-0.0694339034987046,0,0.21500000000001,0.21500000000001,1,0,1,0,55.1800732
A1p80_PW5p00e-01us_Em1p00_Es0p70,1.8,5e-07,1,0.7,-0.145000000000006,0.742453049382637,3.22158291455916e-23,3.33955621187574e-06,1,-0.0467026738761116,-0.0467026738761116,0,0.145000000000006,0.145000000000006,1,1,0,0,59.5111724
A1p80_PW1p00e+00us_Em0p75_Es0p20,1.8,1e-06,0.75,0.2,0.190000000000009,0.634461958868446,3.17675250944985e-23,3.75285243172662e-06,1,0.0516592789137992,0.121025634095669,0.0693663551818697,-0.160000000000007,-0.375000000000017,1,0,0,1,50.9997919
A1p80_PW1p00e+00us_Em0p75_Es0p30,1.8,1e-06,0.75,0.3,0,0.695750375506526,3.11784619773039e-23,3.51808184152376e-06,1,0,0,0,0,0,1,1,0,0,61.7718146
A1p80_PW1p00e+00us_Em0p75_Es0p40,1.8,1e-06,0.75,0.4,-0.0200000000000011,0.70207548670175,1.71649140271561e-23,3.49342324140349e-06,1,-0.00632511119522472,-0.00632511119522472,0,0.0200000000000011,0.0200000000000011,1,1,0,0,66.416768
A1p80_PW1p00e+00us_Em0p75_Es0p50,1.8,1e-06,0.75,0.5,-0.0200000000000007,0.70207548670175,3.13319763978788e-23,3.49342324140349e-06,1,-0.00632511119522472,-0.00632511119522472,0,0.0200000000000007,0.0200000000000007,1,1,0,0,80.4617108
A1p80_PW1p00e+00us_Em0p75_Es0p60,1.8,1e-06,0.75,0.6,-1.08420217248555e-17,0.695750375506526,3.11784619773039e-23,3.51808184152376e-06,1,0,0,0,-1.73472347597688e-16,-1.30104260698266e-16,1,1,0,0,80.4770379
A1p80_PW1p00e+00us_Em0p75_Es0p70,1.8,1e-06,0.75,0.7,0,0.695750375506526,3.11784619773039e-23,3.51808184152376e-06,1,-0.00312797708800527,-0.0031279770880055,2.22044604925031e-16,0.0100000000000002,0.0100000000000005,1,1,0,0,91.0560232
A1p80_PW1p00e+00us_Em0p80_Es0p20,1.8,1e-06,0.8,0.2,0.22000000000001,0.62473013787004,6.2808591353082e-23,3.79000266374213e-06,1,0,0.0949842208249702,0.0949842208249702,2.77555756156289e-17,-0.295000000000013,1,0,0,0,56.5960545
A1p80_PW1p00e+00us_Em0p80_Es0p30,1.8,1e-06,0.8,0.3,0.0250000000000012,0.68777782420521,2.35885589277196e-23,3.54892004617075e-06,1,0.0258070940399876,0.0289108040765503,0.00310371003656273,-0.0800000000000036,-0.0900000000000038,1,1,0,0,46.9765287
A1p80_PW1p00e+00us_Em0p80_Es0p40,1.8,1e-06,0.8,0.4,-0.0550000000000024,0.713584918245198,9.26533431670006e-24,3.45029668618681e-06,1,-0.0178345427386728,-0.0178345427386724,4.44089209850063e-16,0.0550000000000027,0.0550000000000026,1,1,0,0,83.8956318
A1p80_PW1p00e+00us_Em0p80_Es0p50,1.8,1e-06,0.8,0.5,-0.0650000000000025,0.716688628281761,9.57742080760233e-24,3.43798096866603e-06,1,-0.0224922507800864,-0.0224922507800864,0,0.0700000000000029,0.0700000000000026,1,1,0,0,73.9966544
A1p80_PW1p00e+00us_Em0p80_Es0p60,1.8,1e-06,0.8,0.6,-0.0550000000000026,0.713584918245198,3.17269015443219e-23,3.45029668618681e-06,1,-0.0193885407435237,-0.0193885407435237,0,0.0600000000000029,0.0600000000000028,1,1,0,0,83.2803992
A1p80_PW1p00e+00us_Em0p80_Es0p70,1.8,1e-06,0.8,0.7,-0.00500000000000028,0.697284688015849,6.24259135159053e-23,3.51191618865581e-06,1,-0.00308831051417502,-0.00308831051417502,0,0.0100000000000003,0.0100000000000004,1,1,0,0,76.1824149
A1p80_PW1p00e+00us_Em0p85_Es0p20,1.8,1e-06,0.85,0.2,0.255000000000011,0.613506305356327,9.33984617056149e-23,3.83337126809115e-06,1,-0.0403464943903979,0.061298492132105,0.101644986522503,0.125000000000005,-0.190000000000009,1,0,0,0,53.9420682
A1p80_PW1p00e+00us_Em0p85_Es0p30,1.8,1e-06,0.85,0.3,0.0500000000000023,0.679385267195198,6.25301001958858e-23,3.57977464122902e-06,1,0.0277490023818981,0.0420183153981589,0.0142693130162608,-0.085000000000004,-0.130000000000006,1,1,0,0,47.5343353
A1p80_PW1p00e+00us_Em0p85_Es0p40,1.8,1e-06,0.85,0.4,-0.0600000000000028,0.71514667447125,1.66635551868979e-23,3.44413848273631e-06,1,-0.0193962989647243,-0.0193962989647243,0,0.0600000000000028,0.0600000000000027,1,1,0,0,81.4304713
A1p80_PW1p00e+00us_Em0p85_Es0p50,1.8,1e-06,0.85,0.5,-0.100000000000005,0.728139443127113,1.1936189626732e-23,3.39489784739119e-06,1,-0.0323890676205876,-0.0323890676205876,0,0.100000000000005,0.100000000000004,1,1,0,0,73.7707982
A1p80_PW1p00e+00us_Em0p85_Es0p60,1.8,1e-06,0.85,0.6,-0.0650000000000025,0.716688628281761,9.57742080760233e-24,3.43798096866603e-06,1,-0.0209382527752353,-0.0209382527752349,4.44089209850063e-16,0.0650000000000028,0.0650000000000024,1,1,0,0,81.6133723
A1p80_PW1p00e+00us_Em0p85_Es0p70,1.8,1e-06,0.85,0.7,-0.0550000000000025,0.713584918245198,1.49916908011051e-23,3.45029668618681e-06,1,-0.0209625198266779,-0.0209625198266779,0,0.0650000000000031,0.0650000000000031,1,1,0,0,80.3660323
A1p80_PW1p00e+00us_Em0p90_Es0p20,1.8,1e-06,0.9,0.2,0.265000000000012,0.610320201043129,6.21531997568581e-23,3.84576749999077e-06,1,-0.077507860681548,-0.00326867049111357,0.0742391901904345,0.24000000000001,0.0100000000000002,1,1,0,0,50.8579396
A1p80_PW1p00e+00us_Em0p90_Es0p30,1.8,1e-06,0.9,0.3,0.0750000000000033,0.67165233849492,1.64704125424543e-23,3.6106453896782e-06,1,-0.00488251593961064,0.028693656848663,0.0335761727882736,0.0150000000000007,-0.0900000000000042,1,1,0,0,47.8627509
A1p80_PW1p00e+00us_Em0p90_Es0p40,1.8,1e-06,0.9,0.4,-0.0700000000000031,0.718211083703157,6.24704057319189e-23,3.43182414604072e-06,1,-0.0240147062014823,-0.0224607081966309,0.00155399800485134,0.0750000000000032,0.0700000000000029,1,1,0,0,67.7405133
A1p80_PW1p00e+00us_Em0p90_Es0p50,1.8,1e-06,0.9,0.5,-0.140000000000007,0.740728359121953,1.70617238924908e-23,3.3457024088559e-06,1,-0.0449779836154276,-0.0449779836154276,0,0.140000000000007,0.140000000000007,1,1,0,0,83.3680932
A1p80_PW1p00e+00us_Em0p90_Es0p60,1.8,1e-06,0.9,0.6,-0.105000000000005,0.729770408109893,3.18067699825483e-24,3.38874592345064e-06,1,-0.0340200326033677,-0.0340200326033677,0,0.105000000000004,0.105000000000004,1,1,0,0,85.2489005
A1p80_PW1p00e+00us_Em0p90_Es0p70,1.8,1e-06,0.9,0.7,-0.070000000000003,0.718211083703157,9.76645673811724e-24,3.43182414604072e-06,1,-0.0224607081966309,-0.0224607081966309,0,0.0700000000000031,0.070000000000003,1,1,0,0,84.6754324
A1p80_PW1p00e+00us_Em0p95_Es0p20,1.8,1e-06,0.95,0.2,0.300000000000014,0.598724332899154,6.1865285714639e-23,3.88917225340397e-06,1,-0.0852966907014755,-0.0691160842558932,0.0161806064455823,0.265000000000012,0.21500000000001,1,0,0,0,49.4476705
A1p80_PW1p00e+00us_Em0p95_Es0p30,1.8,1e-06,0.95,0.3,0.0900000000000039,0.666769822555309,1.75977048585137e-23,3.62917549562015e-06,1,-0.0420396846852698,-0.00507295123584506,0.0369667334494247,0.130000000000006,0.0150000000000007,1,1,0,0,52.2648156
A1p80_PW1p00e+00us_Em0p95_Es0p40,1.8,1e-06,0.95,0.4,-0.0650000000000027,0.716688628281761,1.67622814283347e-23,3.43798096866603e-06,1,-0.0178890038047332,-0.0163426329381778,0.0015463708665554,0.0550000000000021,0.0500000000000019,1,1,0,0,50.6927455
A1p80_PW1p00e+00us_Em0p95_Es0p50,1.8,1e-06,0.95,0.5,-0.165000000000008,0.749136811482715,2.47680001075729e-23,3.3149787035629e-06,1,-0.0533864359761892,-0.0533864359761892,0,0.165000000000007,0.165000000000008,1,0,1,0,81.4038957
A1p80_PW1p00e+00us_Em0p95_Es0p60,1.8,1e-06,0.95,0.6,-0.150000000000007,0.744156032991392,1.61626792468929e-23,3.33341074062754e-06,1,-0.0484056574848669,-0.0484056574848665,4.44089209850063e-16,0.150000000000007,0.150000000000007,1,1,0,0,88.493362
A1p80_PW1p00e+00us_Em0p95_Es0p70,1.8,1e-06,0.95,0.7,-0.160000000000007,0.747497694439763,5.84530613753606e-24,3.32112198423246e-06,1,-0.0517473189332374,-0.0517473189332374,0,0.160000000000007,0.160000000000007,1,0,1,0,89.3182166
A1p80_PW1p00e+00us_Em1p00_Es0p20,1.8,1e-06,1,0.2,0.335000000000015,0.587695496234624,1.85086482427975e-22,3.93260451248039e-06,1,-0.085791976811548,-0.100082380571035,0.0142904037594874,0.265000000000011,0.310000000000013,1,0,0,1,53.9538014
A1p80_PW1p00e+00us_Em1p00_Es0p30,1.8,1e-06,1,0.3,0.105000000000005,0.661696871319464,1.71350933043537e-23,3.64771128383139e-06,1,-0.0691537014721272,-0.0466278118840014,0.0225258895881257,0.21500000000001,0.145000000000007,1,1,0,0,50.0755361
A1p80_PW1p00e+00us_Em1p00_Es0p40,1.8,1e-06,1,0.4,-0.0750000000000032,0.71971435869501,3.20551922176267e-23,3.42566801693405e-06,1,-0.0224296706791607,-0.0159311296693793,0.00649854100978142,0.0700000000000028,0.0500000000000018,1,1,0,0,45.7128898
A1p80_PW1p00e+00us_Em1p00_Es0p50,1.8,1e-06,1,0.5,-0.190000000000008,0.757025230559094,6.24138451795409e-23,3.28427336594107e-06,1,-0.0612748550525685,-0.0612748550525685,0,0.190000000000008,0.190000000000008,1,0,1,0,72.2814134
A1p80_PW1p00e+00us_Em1p00_Es0p60,1.8,1e-06,1,0.6,-0.180000000000008,0.753930218649596,2.2637639987548e-24,3.29655327873955e-06,1,-0.0581798431430709,-0.0581798431430709,0,0.180000000000008,0.180000000000008,1,0,1,0,71.7506509
A1p80_PW1p00e+00us_Em1p00_Es0p70,1.8,1e-06,1,0.7,-0.165000000000007,0.749136811482715,3.09600001344659e-23,3.31497870356291e-06,1,-0.053386435976189,-0.053386435976189,0,0.165000000000007,0.165000000000007,1,0,1,0,77.6728543
A2p20_PW2p00e-01us_Em0p75_Es0p20,2.2,2e-07,0.75,0.2,0.185000000000008,0.636012589105686,6.23683169605173e-23,3.74666280451457e-06,1,0.182274111179597,0.180752622447493,0.00152148873210389,-0.565000000000025,-0.560000000000025,1,0,1,0,30.8751279
A2p20_PW2p00e-01us_Em0p75_Es0p30,2.2,2e-07,0.75,0.3,0.00500000000000011,0.694196377501674,3.17550253959569e-23,3.52424815967458e-06,1,0.0015539980048509,0.0015539980048509,0,-0.0049999999999997,-0.00499999999999941,1,1,0,0,45.4751795
A2p20_PW2p00e-01us_Em0p75_Es0p40,2.2,2e-07,0.75,0.4,-0.0500000000000024,0.712003069395618,9.13503073817031e-24,3.45645557696168e-06,1,-0.0162526938890923,-0.0162526938890919,4.44089209850063e-16,0.0500000000000027,0.0500000000000026,1,1,0,0,53.2071197
A2p20_PW2p00e-01us_Em0p75_Es0p50,2.2,2e-07,0.75,0.5,-0.020000000000001,0.70207548670175,1.71649140271561e-23,3.49342324140349e-06,1,-0.00632511119522472,-0.00632511119522472,0,0.020000000000001,0.0200000000000011,1,1,0,0,62.6605332
A2p20_PW2p00e-01us_Em0p75_Es0p60,2.2,2e-07,0.75,0.6,-0.0150000000000006,0.700345995343583,3.20924289304768e-23,3.49958688662184e-06,1,-0.00459561983705692,-0.00459561983705692,0,0.0150000000000006,0.0150000000000006,1,1,0,0,61.5068559
A2p20_PW2p00e-01us_Em0p75_Es0p70,2.2,2e-07,0.75,0.7,-4.33680868994221e-17,0.695750375506526,3.11784619773039e-23,3.51808184152376e-06,1,-0.004722219089494,-0.004722219089494,0,0.0150000000000006,0.0150000000000008,1,1,0,0,56.5650827
A2p20_PW2p00e-01us_Em0p80_Es0p20,2.2,2e-07,0.8,0.2,0.22500000000001,0.623034489518614,3.13570492570327e-23,3.79619643178601e-06,1,0.221206126393347,0.2146611276113,0.00654499878204762,-0.685000000000031,-0.66500000000003,1,0,1,0,30.8042826
A2p20_PW2p00e-01us_Em0p80_Es0p30,2.2,2e-07,0.8,0.3,0.0250000000000009,0.68777782420521,1.62961689863274e-23,3.54892004617075e-06,1,0.0125681711383722,0.0226230272015042,0.0100548560631321,-0.0400000000000016,-0.070000000000003,1,1,0,0,29.6560126
A2p20_PW2p00e-01us_Em0p80_Es0p40,2.2,2e-07,0.8,0.4,-0.0550000000000025,0.713584918245198,3.17269015443219e-23,3.45029668618681e-06,1,-0.0178345427386728,-0.0178345427386724,4.44089209850063e-16,0.0550000000000029,0.0550000000000024,1,1,0,0,62.9060829
A2p20_PW2p00e-01us_Em0p80_Es0p50,2.2,2e-07,0.8,0.5,-0.0700000000000029,0.718211083703157,9.76645673811723e-24,3.43182414604072e-06,1,-0.0240147062014827,-0.0240147062014827,0,0.0750000000000034,0.0750000000000031,1,1,0,0,58.6900653
A2p20_PW2p00e-01us_Em0p80_Es0p60,2.2,2e-07,0.8,0.6,-0.0150000000000009,0.700345995343583,2.0157307157786e-23,3.49958688662184e-06,1,-0.00772359692506275,-0.00614961784190859,0.00157397908315415,0.0250000000000012,0.0200000000000011,1,1,0,0,58.0845854
A2p20_PW2p00e-01us_Em0p80_Es0p70,2.2,2e-07,0.8,0.7,-0.00500000000000009,0.697284688015849,3.19118978267888e-23,3.51191618865581e-06,1,-0.00308831051417502,-0.00308831051417502,0,0.0100000000000003,0.0100000000000002,1,1,0,0,58.6220564
A2p20_PW2p00e-01us_Em0p85_Es0p20,2.2,2e-07,0.85,0.2,0.270000000000012,0.608696312687809,1.24205318033179e-22,3.85196647500492e-06,1,0.228999304442104,0.237224710707343,0.00822540626523927,-0.710000000000031,-0.735000000000033,1,0,1,0,30.785571
A2p20_PW2p00e-01us_Em0p85_Es0p30,2.2,2e-07,0.85,0.3,0.045000000000002,0.681023096108361,4.07161158428552e-23,3.57360242243314e-06,1,0.0581072459709722,0.0614299532742765,0.00332270730330431,-0.180000000000008,-0.190000000000008,1,0,1,0,28.8496335
A2p20_PW2p00e-01us_Em0p85_Es0p40,2.2,2e-07,0.85,0.4,-0.0500000000000017,0.712003069395618,3.62688068199561e-24,3.45645557696168e-06,1,-0.0162526938890923,-0.0162526938890919,4.44089209850063e-16,0.0500000000000023,0.0500000000000018,1,1,0,0,54.8978531
A2p20_PW2p00e-01us_Em0p85_Es0p50,2.2,2e-07,0.85,0.5,-0.090000000000004,0.724814355855837,3.2370270362338e-23,3.4072038115978e-06,1,-0.0290639803493109,-0.0290639803493109,0,0.0900000000000039,0.0900000000000039,1,1,0,0,58.0196909
A2p20_PW2p00e-01us_Em0p85_Es0p60,2.2,2e-07,0.85,0.6,-0.065000000000003,0.716688628281761,1.91548416152047e-23,3.43798096866603e-06,1,-0.020938252775235,-0.020938252775235,0,0.065000000000003,0.0650000000000031,1,1,0,0,58.5180612
A2p20_PW2p00e-01us_Em0p85_Es0p70,2.2,2e-07,0.85,0.7,-0.0250000000000011,0.703783229025631,3.23005786521792e-23,3.48726026936337e-06,1,-0.012755072608599,-0.0111608306071105,0.0015942420014885,0.0400000000000017,0.0350000000000015,1,1,0,0,55.7456874
A2p20_PW2p00e-01us_Em0p90_Es0p20,2.2,2e-07,0.9,0.2,0.255000000000012,0.613506305356327,9.33984617056149e-23,3.83337126809115e-06,1,0.156620124164202,0.224189311773587,0.0675691876093848,-0.485000000000022,-0.695000000000031,1,0,0,1,29.6484186
A2p20_PW2p00e-01us_Em0p90_Es0p30,2.2,2e-07,0.9,0.3,0.0700000000000032,0.673238645305263,1.65532829334678e-23,3.60446995892775e-06,1,0.0952614014849056,0.0952614014849056,0,-0.295000000000013,-0.295000000000013,1,0,1,0,29.3072599
A2p20_PW2p00e-01us_Em0p90_Es0p40,2.2,2e-07,0.9,0.4,-0.0600000000000029,0.71514667447125,1.66635551868979e-23,3.44413848273631e-06,1,-0.0178619864554006,-0.0178619864554006,0,0.0550000000000028,0.0550000000000028,1,1,0,0,34.9246
A2p20_PW2p00e-01us_Em0p90_Es0p50,2.2,2e-07,0.9,0.5,-0.140000000000006,0.740728359121953,1.70617238924908e-23,3.3457024088559e-06,1,-0.0449779836154272,-0.0449779836154272,0,0.140000000000006,0.140000000000006,1,1,0,0,54.5888894
A2p20_PW2p00e-01us_Em0p90_Es0p60,2.2,2e-07,0.9,0.6,-0.115000000000005,0.732970402753516,3.16995288201472e-23,3.37644420258365e-06,1,-0.0372200272469898,-0.0372200272469898,0,0.115000000000005,0.115000000000005,1,1,0,0,58.6913279
A2p20_PW2p00e-01us_Em0p90_Es0p70,2.2,2e-07,0.9,0.7,-0.0500000000000015,0.712003069395618,1.64880988703959e-23,3.45645557696168e-06,1,-0.0178066918939432,-0.0178066918939432,0,0.0550000000000015,0.0550000000000014,1,1,0,0,55.2355118
A2p20_PW2p00e-01us_Em0p95_Es0p20,2.2,2e-07,0.95,0.2,0.305000000000014,0.59720843520026,9.27524862296016e-23,3.89537519006119e-06,1,0.101591189276768,0.206659613519383,0.105068424242615,-0.315000000000014,-0.640000000000029,1,0,0,1,28.4293942
A2p20_PW2p00e-01us_Em0p95_Es0p30,2.2,2e-07,0.95,0.3,0.100000000000004,0.663409381920075,1.7275456267576e-23,3.64153205941588e-06,1,0.105090664870093,0.129292194409504,0.0242015295394107,-0.325000000000014,-0.400000000000018,1,0,0,1,30.2974891
A2p20_PW2p00e-01us_Em0p95_Es0p40,2.2,2e-07,0.95,0.4,-0.0600000000000028,0.71514667447125,1.66635551868979e-23,3.44413848273631e-06,1,-0.0193962989647247,-0.0193962989647247,0,0.0600000000000031,0.060000000000003,1,1,0,0,43.3637382
A2p20_PW2p00e-01us_Em0p95_Es0p50,2.2,2e-07,0.95,0.5,-0.170000000000008,0.750755100632458,9.04297249255623e-24,3.30883615758013e-06,1,-0.0550047251259327,-0.0550047251259331,4.44089209850063e-16,0.170000000000008,0.170000000000008,1,0,1,0,44.0238498
A2p20_PW2p00e-01us_Em0p95_Es0p60,2.2,2e-07,0.95,0.6,-0.175000000000008,0.75235281437794,9.1624496268045e-24,3.30269434854779e-06,1,-0.0566024388714143,-0.0566024388714143,0,0.175000000000008,0.175000000000008,1,0,1,0,53.5969208
A2p20_PW2p00e-01us_Em0p95_Es0p70,2.2,2e-07,0.95,0.7,-0.125000000000006,0.736089602692928,9.51028068281694e-24,3.36414533209621e-06,1,-0.0418932251912532,-0.0403392271864018,0.00155399800485134,0.130000000000006,0.125000000000006,1,1,0,0,58.5398535
A2p20_PW2p00e-01us_Em1p00_Es0p20,2.2,2e-07,1,0.2,0.335000000000015,0.587695496234624,1.85086482427975e-22,3.93260451248039e-06,1,0.0242279482691569,0.140443946892489,0.116215998623332,-0.0750000000000034,-0.435000000000019,1,0,0,1,36.3727809
A2p20_PW2p00e-01us_Em1p00_Es0p30,2.2,2e-07,1,0.3,0.110000000000005,0.659968031621737,1.70065178725019e-23,3.65389113419492e-06,1,0.0858694786801595,0.138906836798672,0.053037358118513,-0.265000000000012,-0.430000000000018,1,0,0,1,31.6302199
A2p20_PW2p00e-01us_Em1p00_Es0p40,2.2,2e-07,1,0.4,-0.0650000000000031,0.716688628281761,1.67622814283347e-23,3.43798096866603e-06,1,-0.00791062696382117,-0.006287776875046,0.00162285008877516,0.0250000000000011,0.0200000000000011,1,1,0,0,26.5901028
A2p20_PW2p00e-01us_Em1p00_Es0p50,2.2,2e-07,1,0.5,-0.22000000000001,0.766852741306219,1.62596566488811e-23,3.24745160856157e-06,1,-0.071102365799693,-0.071102365799693,0,0.22000000000001,0.22000000000001,1,0,1,0,55.1912978
A2p20_PW2p00e-01us_Em1p00_Es0p60,2.2,2e-07,1,0.6,-0.180000000000008,0.753930218649596,3.17426725521809e-23,3.29655327873955e-06,1,-0.0581798431430702,-0.0581798431430702,0,0.180000000000008,0.180000000000008,1,0,1,0,55.6085274
A2p20_PW2p00e-01us_Em1p00_Es0p70,2.2,2e-07,1,0.7,-0.180000000000008,0.753930218649596,9.29606532857761e-24,3.29655327873955e-06,1,-0.0581798431430705,-0.0581798431430705,0,0.180000000000008,0.180000000000008,1,0,1,0,61.7958188
A2p20_PW5p00e-01us_Em0p75_Es0p20,2.2,5e-07,0.75,0.2,0.190000000000008,0.634461958868446,3.17675250944985e-23,3.75285243172662e-06,1,0.182303252684733,0.182303252684733,0,-0.565000000000025,-0.565000000000025,1,0,1,0,39.9223139
A2p20_PW5p00e-01us_Em0p75_Es0p30,2.2,5e-07,0.75,0.3,-2.16840434497111e-17,0.695750375506526,3.11784619773039e-23,3.51808184152376e-06,1,-4.44089209850063e-16,-4.44089209850063e-16,0,6.0715321659191e-16,4.1199682554451e-16,1,1,0,0,56.5040086
A2p20_PW5p00e-01us_Em0p75_Es0p40,2.2,5e-07,0.75,0.4,-0.0400000000000017,0.708778001317939,1.52653318351065e-23,3.46877541230537e-06,1,-0.0130276258114141,-0.0130276258114137,4.44089209850063e-16,0.0400000000000024,0.0400000000000022,1,1,0,0,61.6080685
A2p20_PW5p00e-01us_Em0p75_Es0p50,2.2,5e-07,0.75,0.5,-0.0300000000000008,0.705469419884065,1.74648239482557e-23,3.48109797249654e-06,1,-0.00971904437753934,-0.00971904437753934,0,0.0300000000000008,0.0300000000000006,1,1,0,0,71.107527
A2p20_PW5p00e-01us_Em0p75_Es0p60,2.2,5e-07,0.75,0.6,-0.020000000000001,0.70207548670175,1.71649140271561e-23,3.49342324140349e-06,1,-0.00632511119522472,-0.00632511119522472,0,0.0200000000000008,0.0200000000000011,1,1,0,0,68.5065862
A2p20_PW5p00e-01us_Em0p75_Es0p70,2.2,5e-07,0.75,0.7,-4.33680868994221e-17,0.695750375506526,3.11784619773039e-23,3.51808184152376e-06,1,-0.004722219089494,-0.004722219089494,0,0.0150000000000008,0.0150000000000006,1,1,0,0,64.3969662
A2p20_PW5p00e-01us_Em0p80_Es0p20,2.2,5e-07,0.8,0.2,0.230000000000011,0.62131720121402,3.13129429705296e-23,3.80239078481023e-06,1,0.222923414697941,0.206904286349865,0.0160191283480753,-0.690000000000031,-0.640000000000029,1,0,0,1,40.9222919
A2p20_PW5p00e-01us_Em0p80_Es0p30,2.2,5e-07,0.8,0.3,0.0100000000000004,0.69262239841852,3.16844111818154e-23,3.53041514115524e-06,1,0.0111608306071105,0.0145118711585756,0.00335104055146507,-0.0350000000000017,-0.0450000000000021,1,1,0,0,37.9969493
A2p20_PW5p00e-01us_Em0p80_Es0p40,2.2,5e-07,0.8,0.4,-0.0450000000000021,0.710400851406715,6.21558220443714e-23,3.46261515301396e-06,1,-0.0146504759001894,-0.0146504759001894,0,0.0450000000000027,0.0450000000000024,1,1,0,0,69.048159
A2p20_PW5p00e-01us_Em0p80_Es0p50,2.2,5e-07,0.8,0.5,-0.0600000000000024,0.71514667447125,1.66635551868979e-23,3.44413848273631e-06,1,-0.0209502969695756,-0.0209502969695756,0,0.0650000000000023,0.0650000000000025,1,1,0,0,60.4191419
A2p20_PW5p00e-01us_Em0p80_Es0p60,2.2,5e-07,0.8,0.6,-0.0200000000000004,0.70207548670175,5.17486257650291e-24,3.49342324140349e-06,1,-0.00945308828322966,-0.00787910920007551,0.00157397908315415,0.0300000000000007,0.0250000000000005,1,1,0,0,62.934815
A2p20_PW5p00e-01us_Em0p80_Es0p70,2.2,5e-07,0.8,0.7,-0.00499999999999985,0.697284688015849,9.64810003864078e-24,3.51191618865581e-06,1,-0.00308831051417502,-0.00308831051417502,0,0.0100000000000001,0.00999999999999998,1,1,0,0,65.15046
A2p20_PW5p00e-01us_Em0p85_Es0p20,2.2,5e-07,0.85,0.2,0.255000000000012,0.613506305356327,9.33984617056149e-23,3.83337126809115e-06,1,0.224189311773586,0.227308806760879,0.00311949498729303,-0.695000000000031,-0.705000000000032,1,0,1,0,40.6895663
A2p20_PW5p00e-01us_Em0p85_Es0p30,2.2,5e-07,0.85,0.3,0.0350000000000016,0.684443395701249,1.61723895562378e-23,3.5612599307296e-06,1,0.0562849634207047,0.0580096536813892,0.00172469026068456,-0.175000000000008,-0.180000000000008,1,0,1,0,38.8436951
A2p20_PW5p00e-01us_Em0p85_Es0p40,2.2,5e-07,0.85,0.4,-0.0850000000000037,0.723119784235284,3.45014051633667e-23,3.41335784761635e-06,1,-0.0273694087287583,-0.0273694087287585,2.22044604925031e-16,0.0850000000000044,0.0850000000000046,1,1,0,0,60.6877769
A2p20_PW5p00e-01us_Em0p85_Es0p50,2.2,5e-07,0.85,0.5,-0.100000000000005,0.728139443127113,1.1936189626732e-23,3.39489784739119e-06,1,-0.0323890676205876,-0.0323890676205876,0,0.100000000000005,0.100000000000005,1,1,0,0,60.9026636
A2p20_PW5p00e-01us_Em0p85_Es0p60,2.2,5e-07,0.85,0.6,-0.0450000000000019,0.710400851406715,3.27884672242861e-24,3.46261515301396e-06,1,-0.014650475900189,-0.014650475900189,0,0.0450000000000019,0.045000000000002,1,1,0,0,64.1234009
A2p20_PW5p00e-01us_Em0p85_Es0p70,2.2,5e-07,0.85,0.7,-0.015000000000001,0.700345995343583,2.0157307157786e-23,3.49958688662184e-06,1,-0.00772359692506275,-0.00772359692506275,0,0.0250000000000014,0.0250000000000013,1,1,0,0,62.5797384
A2p20_PW5p00e-01us_Em0p90_Es0p20,2.2,5e-07,0.9,0.2,0.285000000000013,0.60369835545031,9.29565447943141e-23,3.87056681747067e-06,1,0.192129200696301,0.240542260461651,0.0484130597653505,-0.595000000000027,-0.745000000000034,1,0,0,1,40.5865678
A2p20_PW5p00e-01us_Em0p90_Es0p30,2.2,5e-07,0.9,0.3,0.0450000000000021,0.681023096108361,1.70836204116565e-23,3.57360242243314e-06,1,0.0907090406770074,0.0907090406770074,0,-0.280000000000013,-0.280000000000012,1,0,1,0,38.5499367
A2p20_PW5p00e-01us_Em0p90_Es0p40,2.2,5e-07,0.9,0.4,-0.0550000000000026,0.713584918245198,3.17269015443219e-23,3.45029668618681e-06,1,-0.0163002302293487,-0.0163002302293487,0,0.0500000000000024,0.0500000000000023,1,1,0,0,45.6615177
A2p20_PW5p00e-01us_Em0p90_Es0p50,2.2,5e-07,0.9,0.5,-0.125000000000006,0.736089602692928,9.51028068281694e-24,3.36414533209621e-06,1,-0.0403392271864019,-0.0403392271864019,0,0.125000000000006,0.125000000000006,1,1,0,0,63.126687
A2p20_PW5p00e-01us_Em0p90_Es0p60,2.2,5e-07,0.9,0.6,-0.115000000000005,0.732970402753516,2.76382452923043e-23,3.37644420258365e-06,1,-0.0372200272469898,-0.0372200272469898,0,0.115000000000005,0.115000000000005,1,1,0,0,66.9866271
A2p20_PW5p00e-01us_Em0p90_Es0p70,2.2,5e-07,0.9,0.7,-0.0850000000000037,0.723119784235284,3.45014051633667e-23,3.41335784761635e-06,1,-0.0289234067336092,-0.0289234067336092,0,0.0900000000000038,0.0900000000000038,1,1,0,0,61.9075693
A2p20_PW5p00e-01us_Em0p95_Es0p20,2.2,5e-07,0.95,0.2,0.285000000000013,0.60369835545031,9.29565447943141e-23,3.87056681747069e-06,1,0.121116000405527,0.209965125449354,0.0888491250438268,-0.375000000000017,-0.650000000000029,1,0,0,1,38.7642924
A2p20_PW5p00e-01us_Em0p95_Es0p30,2.2,5e-07,0.95,0.3,0.0700000000000032,0.673238645305263,1.65532829334678e-23,3.60446995892775e-06,1,0.101643935826189,0.117869708651779,0.0162257728255896,-0.315000000000014,-0.365000000000016,1,0,0,1,40.2418289
A2p20_PW5p00e-01us_Em0p95_Es0p40,2.2,5e-07,0.95,0.4,-0.0550000000000026,0.713584918245198,1.49916908011051e-23,3.45029668618681e-06,1,-0.0178345427386728,-0.0178345427386724,4.44089209850063e-16,0.0550000000000028,0.0550000000000027,1,1,0,0,51.0713007
A2p20_PW5p00e-01us_Em0p95_Es0p50,2.2,5e-07,0.95,0.5,-0.155000000000007,0.745837510301897,1.62215633783659e-23,3.32726599733522e-06,1,-0.0500871347953712,-0.0500871347953712,0,0.155000000000007,0.155000000000007,1,0,1,0,51.387895
A2p20_PW5p00e-01us_Em0p95_Es0p60,2.2,5e-07,0.95,0.6,-0.150000000000007,0.744156032991392,3.13878661512586e-23,3.33341074062754e-06,1,-0.0484056574848665,-0.0484056574848665,0,0.150000000000007,0.150000000000007,1,1,0,0,63.0984334
A2p20_PW5p00e-01us_Em0p95_Es0p70,2.2,5e-07,0.95,0.7,-0.140000000000006,0.740728359121953,1.01344924209629e-23,3.3457024088559e-06,1,-0.0465319816202782,-0.0449779836154268,0.00155399800485134,0.145000000000006,0.140000000000006,1,1,0,0,70.2077877
A2p20_PW5p00e-01us_Em1p00_Es0p20,2.2,5e-07,1,0.2,0.320000000000014,0.592543169847338,1.85270786450788e-22,3.9139873526768e-06,1,0.0548720176612063,0.161387048802258,0.106515031141052,-0.170000000000008,-0.500000000000023,1,0,0,1,39.9639896
A2p20_PW5p00e-01us_Em1p00_Es0p30,2.2,5e-07,1,0.3,0.100000000000005,0.663409381920075,3.22761901735372e-23,3.64153205941588e-06,1,0.0936158486390193,0.135465486500335,0.041849637861316,-0.290000000000013,-0.420000000000019,1,0,0,1,43.9386977
A2p20_PW5p00e-01us_Em1p00_Es0p40,2.2,5e-07,1,0.4,-0.0650000000000029,0.716688628281761,1.91548416152047e-23,3.43798096866603e-06,1,-0.00955435870466503,-0.00791062696382183,0.0016437317408432,0.0300000000000013,0.0250000000000013,1,1,0,0,32.0085398
A2p20_PW5p00e-01us_Em1p00_Es0p50,2.2,5e-07,1,0.5,-0.165000000000007,0.749136811482715,8.93557197752273e-24,3.31497870356291e-06,1,-0.0533864359761894,-0.0533864359761894,0,0.165000000000008,0.165000000000008,1,0,1,0,58.7914061
A2p20_PW5p00e-01us_Em1p00_Es0p60,2.2,5e-07,1,0.6,-0.190000000000009,0.757025230559094,6.24138451795409e-23,3.28427336594107e-06,1,-0.0612748550525685,-0.0612748550525685,0,0.190000000000008,0.190000000000008,1,0,1,0,60.1777705
A2p20_PW5p00e-01us_Em1p00_Es0p70,2.2,5e-07,1,0.7,-0.140000000000006,0.740728359121953,3.41234477849815e-23,3.3457024088559e-06,1,-0.0449779836154272,-0.0449779836154272,0,0.140000000000006,0.140000000000006,1,1,0,0,62.9486927
A2p20_PW1p00e+00us_Em0p75_Es0p20,2.2,1e-06,0.75,0.2,0.195000000000009,0.632891396828927,3.16960727289504e-23,3.75904265545786e-06,1,0.188598512584485,0.180772084070736,0.0078264285137486,-0.585000000000026,-0.560000000000025,1,0,1,0,51.3208899
A2p20_PW1p00e+00us_Em0p75_Es0p30,2.2,1e-06,0.75,0.3,-1.08420217248555e-16,0.695750375506526,9.47386805838016e-24,3.51808184152376e-06,1,-4.44089209850063e-16,-4.44089209850063e-16,0,6.72205346941043e-16,7.80625564189598e-16,1,1,0,0,60.5396158
A2p20_PW1p00e+00us_Em0p75_Es0p40,2.2,1e-06,0.75,0.4,-0.0450000000000022,0.710400851406715,3.15940351067818e-23,3.46261515301396e-06,1,-0.0146504759001896,-0.0146504759001896,0,0.0450000000000025,0.0450000000000024,1,1,0,0,67.3901586
A2p20_PW1p00e+00us_Em0p75_Es0p50,2.2,1e-06,0.75,0.5,-0.0250000000000012,0.703783229025631,1.60098324060659e-23,3.48726026936337e-06,1,-0.00803285351910499,-0.00803285351910499,0,0.0250000000000013,0.0250000000000012,1,1,0,0,86.1585395
A2p20_PW1p00e+00us_Em0p75_Es0p60,2.2,1e-06,0.75,0.6,-2.16840434497111e-17,0.695750375506526,3.11784619773039e-23,3.51808184152376e-06,1,0,0,0,-1.51788304147977e-16,-6.50521303491332e-17,1,1,0,0,78.5683115
A2p20_PW1p00e+00us_Em0p75_Es0p70,2.2,1e-06,0.75,0.7,-1.08420217248555e-16,0.695750375506526,9.47386805838016e-24,3.51808184152376e-06,1,-0.004722219089494,-0.004722219089494,0,0.0150000000000009,0.0150000000000009,1,1,0,0,71.8882813
A2p20_PW1p00e+00us_Em0p80_Es0p20,2.2,1e-06,0.8,0.2,0.22000000000001,0.62473013787004,6.2808591353082e-23,3.79000266374213e-06,1,0.219510478041921,0.209887776145662,0.00962270189625936,-0.68000000000003,-0.650000000000029,1,0,1,0,50.8887613
A2p20_PW1p00e+00us_Em0p80_Es0p30,2.2,1e-06,0.8,0.3,0.0250000000000013,0.68777782420521,2.35885589277196e-23,3.54892004617075e-06,1,0.0160054048204205,0.0210001771127291,0.0049947722923086,-0.0500000000000025,-0.0650000000000032,1,1,0,0,48.2002791
A2p20_PW1p00e+00us_Em0p80_Es0p40,2.2,1e-06,0.8,0.4,-0.0550000000000025,0.713584918245198,3.17269015443219e-23,3.45029668618681e-06,1,-0.0178345427386728,-0.0178345427386724,4.44089209850063e-16,0.0550000000000027,0.0550000000000026,1,1,0,0,77.5785107
A2p20_PW1p00e+00us_Em0p80_Es0p50,2.2,1e-06,0.8,0.5,-0.0500000000000018,0.712003069395618,9.1350307381703e-24,3.45645557696168e-06,1,-0.0178066918939432,-0.0178066918939432,0,0.0550000000000021,0.0550000000000021,1,1,0,0,75.6296675
A2p20_PW1p00e+00us_Em0p80_Es0p60,2.2,1e-06,0.8,0.6,-0.0200000000000007,0.70207548670175,3.13319763978788e-23,3.49342324140349e-06,1,-0.00945308828323022,-0.00787910920007606,0.00157397908315415,0.030000000000001,0.025000000000001,1,1,0,0,68.1984857
A2p20_PW1p00e+00us_Em0p80_Es0p70,2.2,1e-06,0.8,0.7,-4.33680868994221e-17,0.695750375506526,3.11784619773039e-23,3.51808184152376e-06,1,-0.00155399800485134,-0.00155399800485134,0,0.00500000000000028,0.00500000000000015,1,1,0,0,73.9805986
A2p20_PW1p00e+00us_Em0p85_Es0p20,2.2,1e-06,0.85,0.2,0.255000000000011,0.613506305356327,9.33984617056149e-23,3.83337126809115e-06,1,0.23407384334419,0.227308806760879,0.00676503658331085,-0.725000000000032,-0.705000000000031,1,0,1,0,53.6515732
A2p20_PW1p00e+00us_Em0p85_Es0p30,2.2,1e-06,0.85,0.3,0.045000000000002,0.681023096108361,4.07161158428552e-23,3.57360242243314e-06,1,0.0597052630135917,0.0631329368830301,0.00342767386943843,-0.185000000000008,-0.195000000000008,1,0,1,0,48.1499297
A2p20_PW1p00e+00us_Em0p85_Es0p40,2.2,1e-06,0.85,0.4,-0.0950000000000044,0.726487502767794,2.27110516659391e-23,3.40105047748306e-06,1,-0.0307371272612691,-0.0307371272612691,0,0.0950000000000051,0.0950000000000051,1,1,0,0,68.8857853
A2p20_PW1p00e+00us_Em0p85_Es0p50,2.2,1e-06,0.85,0.5,-0.100000000000005,0.728139443127113,8.87526425461926e-24,3.39489784739119e-06,1,-0.0323890676205876,-0.0323890676205876,0,0.100000000000005,0.100000000000005,1,1,0,0,67.5129798
A2p20_PW1p00e+00us_Em0p85_Es0p60,2.2,1e-06,0.85,0.6,-0.0750000000000033,0.71971435869501,3.20551922176267e-23,3.42566801693405e-06,1,-0.0239639831884844,-0.0239639831884844,0,0.0750000000000033,0.0750000000000033,1,1,0,0,73.6938573
A2p20_PW1p00e+00us_Em0p85_Es0p70,2.2,1e-06,0.85,0.7,-0.0200000000000008,0.70207548670175,3.13319763978788e-23,3.49342324140349e-06,1,-0.00945308828322999,-0.00945308828323022,2.22044604925031e-16,0.0300000000000009,0.0300000000000011,1,1,0,0,69.1156549
A2p20_PW1p00e+00us_Em0p90_Es0p20,2.2,1e-06,0.9,0.2,0.270000000000012,0.608696312687809,1.24205318033179e-22,3.85196647500492e-06,1,0.196856854730755,0.237224710707343,0.0403678559765881,-0.610000000000027,-0.735000000000033,1,0,0,1,54.5101391
A2p20_PW1p00e+00us_Em0p90_Es0p30,2.2,1e-06,0.9,0.3,0.0600000000000027,0.676351082228909,1.67398735991882e-23,3.59212101530823e-06,1,0.0937753472916193,0.0921489645612589,0.00162638273036042,-0.290000000000013,-0.285000000000012,1,0,1,0,49.2958043
A2p20_PW1p00e+00us_Em0p90_Es0p40,2.2,1e-06,0.9,0.4,-0.0700000000000034,0.718211083703157,1.6869371015203e-23,3.43182414604072e-06,1,-0.0209263956873077,-0.0209263956873077,0,0.0650000000000033,0.0650000000000031,1,1,0,0,51.5603551
A2p20_PW1p00e+00us_Em0p90_Es0p50,2.2,1e-06,0.9,0.5,-0.130000000000006,0.737619625435096,3.19305327497009e-23,3.35799697116561e-06,1,-0.0418692499285702,-0.0418692499285702,0,0.130000000000006,0.130000000000006,1,1,0,0,75.5678185
A2p20_PW1p00e+00us_Em0p90_Es0p60,2.2,1e-06,0.9,0.6,-0.0850000000000035,0.723119784235284,2.63495270962206e-23,3.41335784761635e-06,1,-0.0273694087287578,-0.0258350962194341,0.00153431250932368,0.0850000000000035,0.0800000000000032,1,1,0,0,71.6265258
A2p20_PW1p00e+00us_Em0p90_Es0p70,2.2,1e-06,0.9,0.7,-0.0900000000000041,0.724814355855837,6.28134886659826e-23,3.4072038115978e-06,1,-0.0306179783541622,-0.0306179783541622,0,0.0950000000000042,0.0950000000000043,1,1,0,0,70.0468207
A2p20_PW1p00e+00us_Em0p95_Es0p20,2.2,1e-06,0.95,0.2,0.320000000000014,0.592543169847338,1.85270786450789e-22,3.9139873526768e-06,1,0.138837472233593,0.22268107015079,0.0838435979171971,-0.43000000000002,-0.690000000000031,1,0,0,1,52.1355999
A2p20_PW1p00e+00us_Em0p95_Es0p30,2.2,1e-06,0.95,0.3,0.0950000000000043,0.665100296504262,3.1415132997532e-23,3.63535346274433e-06,1,0.112853331881212,0.124394317022194,0.0115409851409816,-0.350000000000016,-0.385000000000017,1,0,0,1,52.7661594
A2p20_PW1p00e+00us_Em0p95_Es0p40,2.2,1e-06,0.95,0.4,-0.0350000000000016,0.707134269577096,1.62705812935125e-23,3.47493635280651e-06,1,-0.0113838940705701,-0.0113838940705705,4.44089209850063e-16,0.0350000000000018,0.0350000000000018,1,1,0,0,63.362493
A2p20_PW1p00e+00us_Em0p95_Es0p50,2.2,1e-06,0.95,0.5,-0.170000000000008,0.750755100632458,9.04297249255623e-24,3.30883615758013e-06,1,-0.0550047251259331,-0.0550047251259331,0,0.170000000000008,0.170000000000008,1,0,1,0,60.9881415
A2p20_PW1p00e+00us_Em0p95_Es0p60,2.2,1e-06,0.95,0.6,-0.135000000000005,0.739130342079333,1.97910112122117e-23,3.35184932935396e-06,1,-0.0433799665728068,-0.0433799665728073,4.44089209850063e-16,0.135000000000005,0.135000000000006,1,1,0,0,69.9658006
A2p20_PW1p00e+00us_Em0p95_Es0p70,2.2,1e-06,0.95,0.7,-0.120000000000005,0.734539961340047,9.35254709810452e-24,3.37029440996069e-06,1,-0.0403435838383722,-0.0387895858335209,0.00155399800485134,0.125000000000005,0.120000000000005,1,1,0,0,72.3636432
A2p20_PW1p00e+00us_Em1p00_Es0p20,2.2,1e-06,1,0.2,0.340000000000015,0.586037852342192,1.85034599874541e-22,3.93881133589458e-06,1,0.0756590189772722,0.167892366307404,0.0922333473301319,-0.235000000000011,-0.520000000000024,1,0,0,1,49.6117165
A2p20_PW1p00e+00us_Em1p00_Es0p30,2.2,1e-06,1,0.3,0.110000000000005,0.659968031621737,1.70065178725019e-23,3.65389113419494e-06,1,0.097057198937357,0.137392860766674,0.0403356618293174,-0.300000000000014,-0.425000000000019,1,0,0,1,52.1926049
A2p20_PW1p00e+00us_Em1p00_Es0p40,2.2,1e-06,1,0.4,-0.0550000000000026,0.713584918245198,3.17269015443219e-23,3.45029668618681e-06,1,-0.00645064866810208,-0.00480691692725854,0.00164373174084353,0.020000000000001,0.0150000000000009,1,1,0,0,42.2841797
A2p20_PW1p00e+00us_Em1p00_Es0p50,2.2,1e-06,1,0.5,-0.200000000000009,0.760049805375835,1.00368290804504e-23,3.27199643757827e-06,1,-0.0642994298693096,-0.0642994298693096,0,0.200000000000009,0.200000000000009,1,0,1,0,71.3761814
A2p20_PW1p00e+00us_Em1p00_Es0p60,2.2,1e-06,1,0.6,-0.21500000000001,0.76518427900523,1.61980865770321e-23,3.25358668149372e-06,1,-0.0694339034987046,-0.0694339034987046,0,0.215000000000009,0.21500000000001,1,0,1,0,71.1646212
A2p20_PW1p00e+00us_Em1p00_Es0p70,2.2,1e-06,1,0.7,-0.155000000000007,0.745837510301897,1.62215633783659e-23,3.32726599733522e-06,1,-0.0500871347953712,-0.0500871347953712,0,0.155000000000007,0.155000000000007,1,0,1,0,77.1037725
A2p60_PW2p00e-01us_Em0p75_Es0p20,2.6,2e-07,0.75,0.2,0.195000000000009,0.632891396828927,3.16960727289504e-23,3.75904265545786e-06,1,0.180772084070736,0.183873814724252,0.00310173065351549,-0.560000000000025,-0.570000000000026,1,0,1,0,27.4266427
A2p60_PW2p00e-01us_Em0p75_Es0p30,2.6,2e-07,0.75,0.3,0.00500000000000028,0.694196377501674,2.79610899380771e-23,3.52424815967458e-06,1,0.00155399800485134,0.00155399800485134,0,-0.00500000000000028,-0.00500000000000023,1,1,0,0,46.2010452
A2p60_PW2p00e-01us_Em0p75_Es0p40,2.6,2e-07,0.75,0.4,-0.0550000000000026,0.713584918245198,1.49916908011051e-23,3.45029668618681e-06,1,-0.0178345427386724,-0.0178345427386724,0,0.0550000000000025,0.0550000000000027,1,1,0,0,49.5871522
A2p60_PW2p00e-01us_Em0p75_Es0p50,2.6,2e-07,0.75,0.5,-0.0250000000000012,0.703783229025631,1.60098324060659e-23,3.48726026936337e-06,1,-0.00803285351910521,-0.00803285351910521,0,0.0250000000000011,0.0250000000000011,1,1,0,0,58.32284
A2p60_PW2p00e-01us_Em0p75_Es0p60,2.6,2e-07,0.75,0.6,1.73472347597688e-16,0.695750375506526,1.67011169038518e-23,3.51808184152376e-06,1,0,0,0,-8.67361737988442e-17,-1.73472347597688e-16,1,1,0,0,59.9298466
A2p60_PW2p00e-01us_Em0p75_Es0p70,2.6,2e-07,0.75,0.7,0,0.695750375506526,3.11784619773039e-23,3.51808184152376e-06,1,-0.004722219089494,-0.004722219089494,0,0.0150000000000009,0.0150000000000006,1,1,0,0,53.6881982
A2p60_PW2p00e-01us_Em0p80_Es0p20,2.6,2e-07,0.8,0.2,0.22500000000001,0.623034489518614,3.13570492570327e-23,3.79619643178601e-06,1,0.221206126393347,0.224545659181903,0.00333953278855614,-0.685000000000031,-0.695000000000031,1,0,1,0,28.1070994
A2p60_PW2p00e-01us_Em0p80_Es0p30,2.6,2e-07,0.8,0.3,0.025000000000001,0.68777782420521,1.62961689863274e-23,3.54892004617075e-06,1,0.0064185532964639,0.0176915956788549,0.011273042382391,-0.0200000000000006,-0.0550000000000024,1,1,0,0,28.8332165
A2p60_PW2p00e-01us_Em0p80_Es0p40,2.6,2e-07,0.8,0.4,-0.0750000000000036,0.71971435869501,1.6985739002011e-23,3.42566801693405e-06,1,-0.023963983188484,-0.023963983188484,0,0.0750000000000035,0.0750000000000036,1,1,0,0,58.6813496
A2p60_PW2p00e-01us_Em0p80_Es0p50,2.6,2e-07,0.8,0.5,-0.0700000000000034,0.718211083703157,1.6869371015203e-23,3.43182414604072e-06,1,-0.0240147062014827,-0.0240147062014827,0,0.0750000000000036,0.0750000000000035,1,1,0,0,53.0872293
A2p60_PW2p00e-01us_Em0p80_Es0p60,2.6,2e-07,0.8,0.6,-0.030000000000001,0.705469419884065,1.62082378120311e-23,3.48109797249654e-06,1,-0.0128470214655448,-0.0128470214655448,0,0.0400000000000014,0.0400000000000015,1,1,0,0,54.0950554
A2p60_PW2p00e-01us_Em0p80_Es0p70,2.6,2e-07,0.8,0.7,-0.0250000000000013,0.703783229025631,1.60098324060659e-23,3.48726026936337e-06,1,-0.00958685152395633,-0.00958685152395633,0,0.0300000000000015,0.0300000000000016,1,1,0,0,54.8039949
A2p60_PW2p00e-01us_Em0p85_Es0p20,2.6,2e-07,0.85,0.2,0.245000000000011,0.616611996261472,9.35924515489895e-23,3.82097733757683e-06,1,0.264584179317636,0.256784166589319,0.00780001272831687,-0.820000000000036,-0.795000000000036,1,0,1,0,27.5430625
A2p60_PW2p00e-01us_Em0p85_Es0p30,2.6,2e-07,0.85,0.3,0.0300000000000011,0.686121237782245,1.6232008501697e-23,3.55508966160608e-06,1,0.0305673904995152,0.0468491649712701,0.0162817744717549,-0.0950000000000035,-0.145000000000006,1,1,0,0,27.6710638
A2p60_PW2p00e-01us_Em0p85_Es0p40,2.6,2e-07,0.85,0.4,-0.0750000000000034,0.71971435869501,3.20551922176267e-23,3.42566801693405e-06,1,-0.0239639831884844,-0.0239639831884844,0,0.0750000000000033,0.0750000000000034,1,1,0,0,52.0293576
A2p60_PW2p00e-01us_Em0p85_Es0p50,2.6,2e-07,0.85,0.5,-0.100000000000004,0.728139443127113,1.63109331419514e-23,3.39489784739119e-06,1,-0.0323890676205878,-0.0323890676205874,4.44089209850063e-16,0.100000000000004,0.100000000000004,1,1,0,0,54.6391421
A2p60_PW2p00e-01us_Em0p85_Es0p60,2.6,2e-07,0.85,0.6,-0.0550000000000024,0.713584918245198,9.26533431670006e-24,3.45029668618681e-06,1,-0.0178345427386724,-0.0178345427386728,4.44089209850063e-16,0.0550000000000024,0.0550000000000026,1,1,0,0,55.4013591
A2p60_PW2p00e-01us_Em0p85_Es0p70,2.6,2e-07,0.85,0.7,2.16840434497111e-16,0.695750375506525,1.67011169038518e-23,3.51808184152376e-06,1,-0.00472221908949355,-0.00472221908949355,0,0.0150000000000005,0.0150000000000004,1,1,0,0,53.7726199
A2p60_PW2p00e-01us_Em0p90_Es0p20,2.6,2e-07,0.9,0.2,0.275000000000012,0.607051530552015,9.30833876915053e-23,3.85816602063184e-06,1,0.305110635884034,0.296901284005857,0.00820935187817751,-0.945000000000042,-0.920000000000042,1,0,1,0,29.105346
A2p60_PW2p00e-01us_Em0p90_Es0p30,2.6,2e-07,0.9,0.3,0.0550000000000023,0.677877800502811,1.68450491501649e-23,3.58594750614484e-06,1,0.0776097924613043,0.0906222462873573,0.013012453826053,-0.24000000000001,-0.280000000000012,1,0,0,0,27.8110948
A2p60_PW2p00e-01us_Em0p90_Es0p40,2.6,2e-07,0.9,0.4,-0.0650000000000028,0.71668862828176,1.67622814283347e-23,3.43798096866603e-06,1,-0.0194039402659111,-0.0178890038047329,0.00151493646117817,0.0600000000000025,0.0550000000000023,1,1,0,0,32.6029041
A2p60_PW2p00e-01us_Em0p90_Es0p50,2.6,2e-07,0.9,0.5,-0.145000000000007,0.742453049382638,1.71953191263025e-23,3.33955621187574e-06,1,-0.0467026738761122,-0.0467026738761122,0,0.145000000000007,0.145000000000007,1,1,0,0,52.8708604
A2p60_PW2p00e-01us_Em0p90_Es0p60,2.6,2e-07,0.9,0.6,-0.0800000000000028,0.721403582593356,4.09542364379764e-23,3.41951258342871e-06,1,-0.0256532070868305,-0.0256532070868305,0,0.0800000000000026,0.0800000000000026,1,1,0,0,54.6440314
A2p60_PW2p00e-01us_Em0p90_Es0p70,2.6,2e-07,0.9,0.7,-0.090000000000004,0.724814355855837,3.2370270362338e-23,3.4072038115978e-06,1,-0.0306179783541622,-0.0306179783541622,0,0.0950000000000043,0.0950000000000041,1,1,0,0,52.8544018
A2p60_PW2p00e-01us_Em0p95_Es0p20,2.6,2e-07,0.95,0.2,0.310000000000014,0.595673145649819,9.27103836136646e-23,3.90157868650618e-06,1,0.348651999440187,0.325903036047704,0.0227489633924836,-1.08000000000005,-1.01000000000004,1,0,0,1,29.4547104
A2p60_PW2p00e-01us_Em0p95_Es0p30,2.6,2e-07,0.95,0.3,0.0950000000000042,0.665100296504262,3.1415132997532e-23,3.63535346274433e-06,1,0.132260595884149,0.135332692853516,0.00307209696936706,-0.410000000000018,-0.420000000000019,1,0,1,0,28.8043759
A2p60_PW2p00e-01us_Em0p95_Es0p40,2.6,2e-07,0.95,0.4,-0.0700000000000034,0.718211083703157,6.24704057319189e-23,3.43182414604072e-06,1,-0.022460708196632,-0.0240147062014832,0.00155399800485112,0.0700000000000043,0.075000000000004,1,1,0,0,37.9630268
A2p60_PW2p00e-01us_Em0p95_Es0p50,2.6,2e-07,0.95,0.5,-0.165000000000007,0.749136811482715,8.93557197752273e-24,3.31497870356291e-06,1,-0.0533864359761892,-0.0533864359761892,0,0.165000000000008,0.165000000000007,1,0,1,0,43.0788627
A2p60_PW2p00e-01us_Em0p95_Es0p60,2.6,2e-07,0.95,0.6,-0.180000000000008,0.753930218649596,1.35825839925293e-23,3.29655327873955e-06,1,-0.0581798431430709,-0.0581798431430705,4.44089209850063e-16,0.180000000000008,0.180000000000008,1,0,1,0,50.4507992
A2p60_PW2p00e-01us_Em0p95_Es0p70,2.6,2e-07,0.95,0.7,-0.125000000000005,0.736089602692928,2.85308420484507e-23,3.36414533209619e-06,1,-0.0403392271864027,-0.041893225191254,0.00155399800485134,0.125000000000005,0.130000000000005,1,1,0,0,53.5093381
A2p60_PW2p00e-01us_Em1p00_Es0p20,2.6,2e-07,1,0.2,0.325000000000015,0.590947907546352,1.85204267746505e-22,3.92019251937598e-06,1,0.371007224909284,0.351676413789928,0.0193308111193556,-1.15000000000005,-1.09000000000005,1,0,0,1,27.9603024
A2p60_PW2p00e-01us_Em1p00_Es0p30,2.6,2e-07,1,0.3,0.115000000000005,0.658467984673597,1.68884718512108e-23,3.66007160871797e-06,1,0.176149929342105,0.168102616899191,0.00804731244291323,-0.545000000000024,-0.520000000000023,1,0,1,0,28.0743175
A2p60_PW2p00e-01us_Em1p00_Es0p40,2.6,2e-07,1,0.4,-0.0450000000000022,0.710400851406715,3.15940351067818e-23,3.46261515301396e-06,1,-0.0146504759001896,-0.00326658182961914,0.0113838940705705,0.0450000000000025,0.0100000000000008,1,1,0,0,28.2960069
A2p60_PW2p00e-01us_Em1p00_Es0p50,2.6,2e-07,1,0.5,-0.190000000000009,0.757025230559094,1.67850935965598e-23,3.28427336594107e-06,1,-0.0612748550525685,-0.0612748550525685,0,0.190000000000009,0.190000000000009,1,0,1,0,54.9659191
A2p60_PW2p00e-01us_Em1p00_Es0p60,2.6,2e-07,1,0.6,-0.215000000000009,0.76518427900523,1.61980865770321e-23,3.25358668149372e-06,1,-0.0694339034987046,-0.0694339034987046,0,0.215000000000009,0.215000000000009,1,0,1,0,53.7554764
A2p60_PW2p00e-01us_Em1p00_Es0p70,2.6,2e-07,1,0.7,-0.170000000000008,0.750755100632458,9.04297249255623e-24,3.30883615758013e-06,1,-0.0550047251259327,-0.0550047251259327,0,0.170000000000008,0.170000000000008,1,0,1,0,62.1112227
A2p60_PW5p00e-01us_Em0p75_Es0p20,2.6,5e-07,0.75,0.2,0.185000000000008,0.636012589105686,6.23683169605173e-23,3.74666280451457e-06,1,0.16614879966068,0.180752622447493,0.0146038227868129,-0.515000000000023,-0.560000000000025,1,0,0,1,34.4482158
A2p60_PW5p00e-01us_Em0p75_Es0p30,2.6,5e-07,0.75,0.3,-1.30104260698266e-16,0.695750375506526,1.67011169038519e-23,3.51808184152376e-06,1,-0.00155399800485134,0,0.00155399800485134,0.00500000000000032,1.30104260698266e-16,1,1,0,0,52.955979
A2p60_PW5p00e-01us_Em0p75_Es0p40,2.6,5e-07,0.75,0.4,-0.055000000000002,0.713584918245198,9.26533431670004e-24,3.45029668618681e-06,1,-0.0178345427386724,-0.0178345427386724,0,0.055000000000002,0.0550000000000021,1,1,0,0,57.5756603
A2p60_PW5p00e-01us_Em0p75_Es0p50,2.6,5e-07,0.75,0.5,-0.0350000000000014,0.707134269577096,2.3126989888111e-23,3.47493635280651e-06,1,-0.0113838940705701,-0.0113838940705701,0,0.0350000000000014,0.0350000000000014,1,1,0,0,67.6486323
A2p60_PW5p00e-01us_Em0p75_Es0p60,2.6,5e-07,0.75,0.6,-0.0200000000000009,0.70207548670175,3.13319763978788e-23,3.49342324140349e-06,1,-0.00632511119522472,-0.00632511119522472,0,0.0200000000000009,0.0200000000000009,1,1,0,0,66.3365249
A2p60_PW5p00e-01us_Em0p75_Es0p70,2.6,5e-07,0.75,0.7,-1.08420217248555e-16,0.695750375506526,9.47386805838016e-24,3.51808184152376e-06,1,-0.004722219089494,-0.004722219089494,0,0.015000000000001,0.0150000000000009,1,1,0,0,62.9549073
A2p60_PW5p00e-01us_Em0p80_Es0p20,2.6,5e-07,0.8,0.2,0.245000000000011,0.616611996261472,6.23949676993263e-23,3.82097733757683e-06,1,0.225926716220464,0.232606222296492,0.00667950607602863,-0.70000000000003,-0.720000000000033,1,0,1,0,33.9043509
A2p60_PW5p00e-01us_Em0p80_Es0p30,2.6,5e-07,0.8,0.3,0.025000000000001,0.68777782420521,1.76914191957897e-23,3.54892004617075e-06,1,0.00484457421330975,0.0176915956788549,0.0128470214655452,-0.0150000000000004,-0.0550000000000024,1,1,0,0,36.3821511
A2p60_PW5p00e-01us_Em0p80_Es0p40,2.6,5e-07,0.8,0.4,-0.0450000000000021,0.710400851406715,6.21558220443714e-23,3.46261515301396e-06,1,-0.014650475900189,-0.014650475900189,0,0.0450000000000019,0.0450000000000021,1,1,0,0,65.8610032
A2p60_PW5p00e-01us_Em0p80_Es0p50,2.6,5e-07,0.8,0.5,-0.0600000000000026,0.715146674471251,1.66635551868979e-23,3.44413848273631e-06,1,-0.0209502969695763,-0.0209502969695763,0,0.0650000000000029,0.065000000000003,1,1,0,0,59.4141977
A2p60_PW5p00e-01us_Em0p80_Es0p60,2.6,5e-07,0.8,0.6,-0.0500000000000024,0.712003069395618,9.13503073817031e-24,3.45645557696168e-06,1,-0.0193806709770974,-0.0193806709770974,0,0.0600000000000028,0.0600000000000027,1,1,0,0,59.3150786
A2p60_PW5p00e-01us_Em0p80_Es0p70,2.6,5e-07,0.8,0.7,-0.00500000000000041,0.697284688015849,9.64810003864081e-24,3.51191618865581e-06,1,-0.00308831051417502,-0.00308831051417502,0,0.0100000000000008,0.0100000000000006,1,1,0,0,62.7644046
A2p60_PW5p00e-01us_Em0p85_Es0p20,2.6,5e-07,0.85,0.2,0.250000000000011,0.615069059435463,9.34920809801255e-23,3.82717401436664e-06,1,0.262960348741087,0.261435570025614,0.00152477871547263,-0.815000000000036,-0.810000000000036,1,0,1,0,35.4857737
A2p60_PW5p00e-01us_Em0p85_Es0p30,2.6,5e-07,0.85,0.3,0.0350000000000014,0.684443395701249,1.73674850145486e-23,3.5612599307296e-06,1,0.0352709629937614,0.0531762297338473,0.0179052667400859,-0.110000000000005,-0.165000000000007,1,0,0,0,35.9448926
A2p60_PW5p00e-01us_Em0p85_Es0p40,2.6,5e-07,0.85,0.4,-0.0500000000000024,0.712003069395618,9.13503073817031e-24,3.45645557696168e-06,1,-0.0162526938890919,-0.0162526938890923,4.44089209850063e-16,0.0500000000000022,0.0500000000000027,1,1,0,0,58.022971
A2p60_PW5p00e-01us_Em0p85_Es0p50,2.6,5e-07,0.85,0.5,-0.100000000000005,0.728139443127113,1.1936189626732e-23,3.39489784739119e-06,1,-0.0323890676205876,-0.0323890676205876,0,0.100000000000004,0.100000000000005,1,1,0,0,61.9685406
A2p60_PW5p00e-01us_Em0p85_Es0p60,2.6,5e-07,0.85,0.6,-0.0800000000000034,0.721403582593357,3.21527840140381e-23,3.41951258342871e-06,1,-0.0256532070868311,-0.0256532070868311,0,0.0800000000000034,0.0800000000000033,1,1,0,0,60.9362018
A2p60_PW5p00e-01us_Em0p85_Es0p70,2.6,5e-07,0.85,0.7,-0.00500000000000039,0.697284688015849,9.64810003864081e-24,3.51191618865581e-06,1,-0.00466228959732917,-0.00466228959732917,0,0.0150000000000006,0.0150000000000008,1,1,0,0,60.0608113
A2p60_PW5p00e-01us_Em0p90_Es0p20,2.6,5e-07,0.9,0.2,0.305000000000014,0.59720843520026,9.27524862296016e-23,3.89537519006119e-06,1,0.316533558154924,0.298696252407668,0.0178373057472565,-0.980000000000043,-0.925000000000042,1,0,0,1,36.2055137
A2p60_PW5p00e-01us_Em0p90_Es0p30,2.6,5e-07,0.9,0.3,0.0550000000000025,0.677877800502811,3.12270712195248e-23,3.58594750614484e-06,1,0.0821720048730245,0.0906222462873566,0.00845024141433215,-0.255000000000012,-0.280000000000013,1,0,1,0,35.1069507
A2p60_PW5p00e-01us_Em0p90_Es0p40,2.6,5e-07,0.9,0.4,-0.0750000000000035,0.71971435869501,6.25475264376857e-23,3.42566801693405e-06,1,-0.0224296706791604,-0.0224296706791604,0,0.0700000000000035,0.0700000000000033,1,1,0,0,38.3199775
A2p60_PW5p00e-01us_Em0p90_Es0p50,2.6,5e-07,0.9,0.5,-0.135000000000006,0.739130342079333,1.97910112122118e-23,3.35184932935398e-06,1,-0.0433799665728068,-0.0433799665728068,0,0.135000000000006,0.135000000000006,1,1,0,0,63.1718432
A2p60_PW5p00e-01us_Em0p90_Es0p60,2.6,5e-07,0.9,0.6,-0.100000000000005,0.728139443127113,1.1936189626732e-23,3.39489784739119e-06,1,-0.0323890676205876,-0.0323890676205876,0,0.100000000000005,0.100000000000005,1,1,0,0,62.7235315
A2p60_PW5p00e-01us_Em0p90_Es0p70,2.6,5e-07,0.9,0.7,-0.0550000000000025,0.713584918245198,9.26533431670006e-24,3.45029668618681e-06,1,-0.0193885407435237,-0.0193885407435237,0,0.0600000000000027,0.0600000000000027,1,1,0,0,60.2030827
A2p60_PW5p00e-01us_Em0p95_Es0p20,2.6,5e-07,0.95,0.2,0.325000000000015,0.590947907546352,1.85204267746505e-22,3.92019251937598e-06,1,0.355056575733918,0.330628274151171,0.024428301582747,-1.10000000000005,-1.02500000000005,1,0,0,1,35.8634771
A2p60_PW5p00e-01us_Em0p95_Es0p30,2.6,5e-07,0.95,0.3,0.0750000000000034,0.67165233849492,1.64704125424543e-23,3.6106453896782e-06,1,0.12722252992549,0.125708553893492,0.00151397603199865,-0.395000000000018,-0.390000000000017,1,0,1,0,36.0025339
A2p60_PW5p00e-01us_Em0p95_Es0p40,2.6,5e-07,0.95,0.4,-0.0400000000000017,0.708778001317939,1.52653318351064e-23,3.46877541230537e-06,1,-0.014581623816265,-0.0130276258114137,0.00155399800485134,0.0450000000000019,0.0400000000000016,1,1,0,0,45.6056454
A2p60_PW5p00e-01us_Em0p95_Es0p50,2.6,5e-07,0.95,0.5,-0.140000000000006,0.740728359121953,3.41234477849815e-23,3.3457024088559e-06,1,-0.0449779836154272,-0.0449779836154272,0,0.140000000000006,0.140000000000006,1,1,0,0,49.6654011
A2p60_PW5p00e-01us_Em0p95_Es0p60,2.6,5e-07,0.95,0.6,-0.185000000000008,0.755487592964115,1.66845996527117e-23,3.29041295043932e-06,1,-0.0597372174575894,-0.0597372174575894,0,0.185000000000008,0.185000000000008,1,0,1,0,57.6549096
A2p60_PW5p00e-01us_Em0p95_Es0p70,2.6,5e-07,0.95,0.7,-0.135000000000006,0.739130342079333,1.69391878653279e-23,3.35184932935398e-06,1,-0.0433799665728073,-0.0449339645776586,0.00155399800485134,0.135000000000006,0.140000000000007,1,1,0,0,61.1735021
A2p60_PW5p00e-01us_Em1p00_Es0p20,2.6,5e-07,1,0.2,0.335000000000015,0.587695496234624,1.23390988285316e-22,3.93260451248039e-06,1,0.370998706686495,0.358308987045646,0.0126897196408488,-1.15000000000005,-1.11000000000005,1,0,0,1,35.0303363
A2p60_PW5p00e-01us_Em1p00_Es0p30,2.6,5e-07,1,0.3,0.0950000000000042,0.665100296504263,3.1415132997532e-23,3.63535346274433e-06,1,0.171066270726495,0.166360317651632,0.00470595307486354,-0.530000000000024,-0.515000000000023,1,0,1,0,37.7075647
A2p60_PW5p00e-01us_Em1p00_Es0p40,2.6,5e-07,1,0.4,-0.0750000000000034,0.71971435869501,3.20551922176267e-23,3.42566801693405e-06,1,-0.0224296706791607,-0.0176388719932596,0.00479079868590104,0.0700000000000034,0.0550000000000027,1,1,0,0,35.6916367
A2p60_PW5p00e-01us_Em1p00_Es0p50,2.6,5e-07,1,0.5,-0.185000000000008,0.755487592964115,9.44641746614999e-24,3.29041295043932e-06,1,-0.0597372174575894,-0.0597372174575894,0,0.185000000000008,0.185000000000008,1,0,1,0,62.1519634
A2p60_PW5p00e-01us_Em1p00_Es0p60,2.6,5e-07,1,0.6,-0.185000000000008,0.755487592964114,9.44641746614997e-24,3.29041295043932e-06,1,-0.0597372174575881,-0.0597372174575881,0,0.185000000000007,0.185000000000007,1,0,1,0,59.9928039
A2p60_PW5p00e-01us_Em1p00_Es0p70,2.6,5e-07,1,0.7,-0.165000000000007,0.749136811482715,8.93557197752273e-24,3.31497870356291e-06,1,-0.053386435976189,-0.053386435976189,0,0.165000000000007,0.165000000000007,1,0,1,0,68.6489394
A2p60_PW1p00e+00us_Em0p75_Es0p20,2.6,1e-06,0.75,0.2,0.190000000000009,0.634461958868446,3.17675250944985e-23,3.75285243172662e-06,1,0.17275499693613,0.182303252684733,0.00954825574860307,-0.535000000000024,-0.565000000000026,1,0,1,0,42.6407997
A2p60_PW1p00e+00us_Em0p75_Es0p30,2.6,1e-06,0.75,0.3,3.25260651745666e-17,0.695750375506526,3.11784619773039e-23,3.51808184152376e-06,1,0,0,0,-3.25260651745666e-17,-7.58941520739887e-17,1,1,0,0,64.5476096
A2p60_PW1p00e+00us_Em0p75_Es0p40,2.6,1e-06,0.75,0.4,-0.0500000000000021,0.712003069395618,1.64880988703959e-23,3.45645557696168e-06,1,-0.0162526938890919,-0.0162526938890919,0,0.0500000000000019,0.0500000000000021,1,1,0,0,71.8172716
A2p60_PW1p00e+00us_Em0p75_Es0p50,2.6,1e-06,0.75,0.5,-0.0400000000000016,0.708778001317939,8.91339305318155e-24,3.46877541230537e-06,1,-0.0130276258114137,-0.0130276258114137,0,0.0400000000000017,0.0400000000000017,1,1,0,0,79.5673113
A2p60_PW1p00e+00us_Em0p75_Es0p60,2.6,1e-06,0.75,0.6,8.67361737988442e-17,0.695750375506526,1.89477361167604e-23,3.51808184152376e-06,1,0,0,0,-1.40946282423122e-16,-1.19262238973411e-16,1,1,0,0,77.1201957
A2p60_PW1p00e+00us_Em0p75_Es0p70,2.6,1e-06,0.75,0.7,1.51788304147977e-16,0.695750375506526,1.89477361167604e-23,3.51808184152376e-06,1,-0.004722219089494,-0.004722219089494,0,0.0150000000000007,0.0150000000000005,1,1,0,0,77.1271972
A2p60_PW1p00e+00us_Em0p80_Es0p20,2.6,1e-06,0.8,0.2,0.22000000000001,0.62473013787004,6.2808591353082e-23,3.79000266374213e-06,1,0.219510478041921,0.222850010830477,0.00333953278855625,-0.68000000000003,-0.690000000000031,1,0,1,0,42.2345157
A2p60_PW1p00e+00us_Em0p80_Es0p30,2.6,1e-06,0.8,0.3,0.0250000000000012,0.68777782420521,2.35885589277196e-23,3.54892004617075e-06,1,0.0064185532964639,0.0176915956788549,0.011273042382391,-0.0200000000000011,-0.0550000000000026,1,1,0,0,47.4297079
A2p60_PW1p00e+00us_Em0p80_Es0p40,2.6,1e-06,0.8,0.4,-0.065000000000003,0.716688628281761,1.91548416152047e-23,3.43798096866603e-06,1,-0.0209382527752354,-0.0209382527752354,0,0.0650000000000032,0.0650000000000032,1,1,0,0,77.5061563
A2p60_PW1p00e+00us_Em0p80_Es0p50,2.6,1e-06,0.8,0.5,-0.0450000000000021,0.710400851406715,6.21558220443714e-23,3.46261515301396e-06,1,-0.0162044739050403,-0.0162044739050403,0,0.0500000000000024,0.0500000000000024,1,1,0,0,70.6559578
A2p60_PW1p00e+00us_Em0p80_Es0p60,2.6,1e-06,0.8,0.6,-0.0200000000000006,0.70207548670175,3.21927731084269e-23,3.49342324140349e-06,1,-0.00945308828323022,-0.00945308828323022,0,0.030000000000001,0.030000000000001,1,1,0,0,71.2100033
A2p60_PW1p00e+00us_Em0p80_Es0p70,2.6,1e-06,0.8,0.7,-0.00500000000000041,0.697284688015849,9.64810003864081e-24,3.51191618865581e-06,1,-0.00308831051417502,-0.00308831051417502,0,0.0100000000000007,0.0100000000000006,1,1,0,0,73.0150024
A2p60_PW1p00e+00us_Em0p85_Es0p20,2.6,1e-06,0.85,0.2,0.245000000000011,0.616611996261472,6.23949676993263e-23,3.82097733757683e-06,1,0.266302989756055,0.259892633199605,0.00641035655644995,-0.825000000000037,-0.805000000000036,1,0,1,0,46.2376694
A2p60_PW1p00e+00us_Em0p85_Es0p30,2.6,1e-06,0.85,0.3,0.0550000000000024,0.677877800502811,3.12270712195248e-23,3.58594750614484e-06,1,0.0452419837324732,0.0550926022507047,0.00985061851823144,-0.140000000000006,-0.170000000000008,1,0,1,0,48.1109793
A2p60_PW1p00e+00us_Em0p85_Es0p40,2.6,1e-06,0.85,0.4,-0.0450000000000022,0.710400851406715,1.80367432853186e-23,3.46261515301396e-06,1,-0.0146504759001892,-0.0146504759001892,0,0.0450000000000021,0.0450000000000022,1,1,0,0,71.0711139
A2p60_PW1p00e+00us_Em0p85_Es0p50,2.6,1e-06,0.85,0.5,-0.0550000000000025,0.713584918245198,3.17269015443219e-23,3.45029668618681e-06,1,-0.0178345427386724,-0.0178345427386724,0,0.0550000000000023,0.0550000000000024,1,1,0,0,75.8099372
A2p60_PW1p00e+00us_Em0p85_Es0p60,2.6,1e-06,0.85,0.6,-0.0600000000000028,0.71514667447125,1.66635551868979e-23,3.44413848273631e-06,1,-0.0193962989647243,-0.0209502969695756,0.00155399800485134,0.0600000000000027,0.0650000000000028,1,1,0,0,70.3939001
A2p60_PW1p00e+00us_Em0p85_Es0p70,2.6,1e-06,0.85,0.7,-0.0100000000000003,0.698799624477028,3.19989761666105e-23,3.50575120303195e-06,1,-0.00777146805999629,-0.00617722605850779,0.0015942420014885,0.0250000000000009,0.0200000000000009,1,1,0,0,78.0664827
A2p60_PW1p00e+00us_Em0p90_Es0p20,2.6,1e-06,0.9,0.2,0.270000000000012,0.608696312687809,1.24205318033179e-22,3.85196647500492e-06,1,0.30346585374824,0.291823615868835,0.0116422378794053,-0.940000000000041,-0.90500000000004,1,0,0,1,47.1597292
A2p60_PW1p00e+00us_Em0p90_Es0p30,2.6,1e-06,0.9,0.3,0.0750000000000035,0.67165233849492,1.64704125424543e-23,3.6106453896782e-06,1,0.0853728920641742,0.0984740910256084,0.0131011989614342,-0.265000000000012,-0.305000000000014,1,0,0,0,47.1619033
A2p60_PW1p00e+00us_Em0p90_Es0p40,2.6,1e-06,0.9,0.4,-0.100000000000005,0.728139443127113,1.1936189626732e-23,3.39489784739119e-06,1,-0.0308547551112639,-0.0308547551112639,0,0.0950000000000043,0.0950000000000041,1,1,0,0,48.62678
A2p60_PW1p00e+00us_Em0p90_Es0p50,2.6,1e-06,0.9,0.5,-0.135000000000006,0.739130342079333,1.69391878653279e-23,3.35184932935398e-06,1,-0.0433799665728073,-0.0433799665728077,4.44089209850063e-16,0.135000000000006,0.135000000000006,1,1,0,0,69.6985122
A2p60_PW1p00e+00us_Em0p90_Es0p60,2.6,1e-06,0.9,0.6,-0.105000000000004,0.729770408109893,3.18067699825481e-24,3.38874592345064e-06,1,-0.0340200326033677,-0.032485720094044,0.00153431250932368,0.105000000000004,0.100000000000004,1,1,0,0,75.3967677
A2p60_PW1p00e+00us_Em0p90_Es0p70,2.6,1e-06,0.9,0.7,-0.0700000000000033,0.718211083703157,1.6869371015203e-23,3.43182414604072e-06,1,-0.0240147062014827,-0.0240147062014827,0,0.0750000000000036,0.0750000000000034,1,1,0,0,72.6618127
A2p60_PW1p00e+00us_Em0p95_Es0p20,2.6,1e-06,0.95,0.2,0.320000000000014,0.592543169847337,1.85270786450788e-22,3.9139873526768e-06,1,0.351781975242669,0.334110477539475,0.0176714977031939,-1.09000000000005,-1.03500000000005,1,0,0,1,51.2729969
A2p60_PW1p00e+00us_Em0p95_Es0p30,2.6,1e-06,0.95,0.3,0.0800000000000037,0.670045603535869,8.99433470455294e-24,3.61682145726489e-06,1,0.12265597279371,0.132115785230496,0.00945981243678629,-0.380000000000017,-0.410000000000018,1,0,1,0,50.1207334
A2p60_PW1p00e+00us_Em0p95_Es0p40,2.6,1e-06,0.95,0.4,-0.0700000000000031,0.718211083703157,9.76645673811724e-24,3.43182414604072e-06,1,-0.0240147062014827,-0.0224607081966314,0.00155399800485134,0.0750000000000036,0.070000000000003,1,1,0,0,56.3130585
A2p60_PW1p00e+00us_Em0p95_Es0p50,2.6,1e-06,0.95,0.5,-0.140000000000006,0.740728359121953,3.41234477849815e-23,3.3457024088559e-06,1,-0.0449779836154272,-0.0449779836154272,0,0.140000000000006,0.140000000000006,1,1,0,0,61.0037436
A2p60_PW1p00e+00us_Em0p95_Es0p60,2.6,1e-06,0.95,0.6,-0.180000000000008,0.753930218649596,9.29606532857761e-24,3.29655327873955e-06,1,-0.0581798431430709,-0.0581798431430709,0,0.180000000000008,0.180000000000008,1,0,1,0,67.6797482
A2p60_PW1p00e+00us_Em0p95_Es0p70,2.6,1e-06,0.95,0.7,-0.135000000000006,0.739130342079333,1.97910112122118e-23,3.35184932935398e-06,1,-0.0433799665728068,-0.0433799665728073,4.44089209850063e-16,0.135000000000006,0.135000000000006,1,1,0,0,75.3788762
A2p60_PW1p00e+00us_Em1p00_Es0p20,2.6,1e-06,1,0.2,0.320000000000014,0.592543169847337,1.23513857633859e-22,3.9139873526768e-06,1,0.374475250304909,0.343700312910072,0.0307749373948374,-1.16000000000005,-1.06500000000005,1,0,0,1,46.9391894
A2p60_PW1p00e+00us_Em1p00_Es0p30,2.6,1e-06,1,0.3,0.110000000000005,0.659968031621737,1.70065178725019e-23,3.65389113419492e-06,1,0.171492582534157,0.168253455942148,0.00323912659200898,-0.530000000000024,-0.520000000000023,1,0,1,0,50.9983201
A2p60_PW1p00e+00us_Em1p00_Es0p40,2.6,1e-06,1,0.4,-0.0600000000000029,0.71514667447125,1.66635551868979e-23,3.44413848273631e-06,1,-0.0193962989647247,-0.0130711877695002,0.0063251111952245,0.0600000000000032,0.0400000000000027,1,1,0,0,45.7231859
A2p60_PW1p00e+00us_Em1p00_Es0p50,2.6,1e-06,1,0.5,-0.205000000000009,0.761783012812983,3.13245541674789e-23,3.26585909835331e-06,1,-0.0660326373064568,-0.0660326373064568,0,0.205000000000009,0.205000000000009,1,0,1,0,75.4972556
A2p60_PW1p00e+00us_Em1p00_Es0p60,2.6,1e-06,1,0.6,-0.235000000000011,0.771732136785368,1.77712700871118e-23,3.22905096019376e-06,1,-0.0759817612788427,-0.0759817612788427,0,0.235000000000011,0.235000000000011,1,0,1,0,72.2637243
A2p60_PW1p00e+00us_Em1p00_Es0p70,2.6,1e-06,1,0.7,-0.165000000000007,0.749136811482715,8.93557197752273e-24,3.31497870356291e-06,1,-0.053386435976189,-0.053386435976189,0,0.165000000000007,0.165000000000007,1,0,1,0,82.312828
